timestamp,hook_event_name,session_id,verdict
2026-08-06T01:59:45Z,Notification,1718f55c-e997-4c28-ae31-c271738718df,matched
2026-08-06T02:05:04Z,Notification,1718f55c-e997-4c28-ae31-c271738718df,matched
2026-08-06T02:10:57Z,Notification,1718f55c-e997-4c28-ae31-c271738718df,matched
2026-08-06T02:12:48Z,Notification,1718f55c-e997-4c28-ae31-c271738718df,matched
2026-08-06T02:18:19Z,Notification,1718f55c-e997-4c28-ae31-c271738718df,matched
2026-08-06T02:21:58Z,Notification,1718f55c-e997-4c28-ae31-c271738718df,matched
2026-08-06T07:03:30Z,Notification,1718f55c-e997-4c28-ae31-c271738718df,matched
2026-08-06T07:17:39Z,Notification,1718f55c-e997-4c28-ae31-c271738718df,matched
2026-08-06T07:25:43Z,Notification,1718f55c-e997-4c28-ae31-c271738718df,matched
2026-08-06T07:27:38Z,Notification,1718f55c-e997-4c28-ae31-c271738718df,matched
1785981871.4781928,PreToolUse,1718f55c-e997-4c28-ae31-c271738718df,missed
1785981897.931992,PreToolUse,1718f55c-e997-4c28-ae31-c271738718df,missed
1785982361.984273,PreToolUse,1718f55c-e997-4c28-ae31-c271738718df,missed
1785982693.525422,PreToolUse,1718f55c-e997-4c28-ae31-c271738718df,missed
1785982820.968609,PreToolUse,1718f55c-e997-4c28-ae31-c271738718df,missed
1785999516.745924,PreToolUse,1718f55c-e997-4c28-ae31-c271738718df,missed
1785999539.205249,PreToolUse,1718f55c-e997-4c28-ae31-c271738718df,missed
1785999562.4810271,PreToolUse,1718f55c-e997-4c28-ae31-c271738718df,missed
1785999564.572674,PreToolUse,1718f55c-e997-4c28-ae31-c271738718df,missed
1785999593.608452,PreToolUse,1718f55c-e997-4c28-ae31-c271738718df,missed
1785999639.813081,PreToolUse,1718f55c-e997-4c28-ae31-c271738718df,missed
1785999644.261394,PreToolUse,1718f55c-e997-4c28-ae31-c271738718df,missed
1785999665.073906,PreToolUse,1718f55c-e997-4c28-ae31-c271738718df,missed
1785999705.39494,PreToolUse,1718f55c-e997-4c28-ae31-c271738718df,missed
1785999728.723317,PreToolUse,1718f55c-e997-4c28-ae31-c271738718df,missed
1786000436.7324102,PreToolUse,1718f55c-e997-4c28-ae31-c271738718df,missed
1786000451.8566,PreToolUse,1718f55c-e997-4c28-ae31-c271738718df,missed
1786000515.482769,PreToolUse,1718f55c-e997-4c28-ae31-c271738718df,missed
1786000548.13358,PreToolUse,1718f55c-e997-4c28-ae31-c271738718df,missed
1786001185.1819599,PreToolUse,1718f55c-e997-4c28-ae31-c271738718df,missed
2026-08-06T02:09:57Z,Stop,1718f55c-e997-4c28-ae31-c271738718df,matched
2026-08-06T02:20:57Z,Stop,1718f55c-e997-4c28-ae31-c271738718df,matched
2026-08-06T07:02:30Z,Stop,1718f55c-e997-4c28-ae31-c271738718df,matched
2026-08-06T07:16:39Z,Stop,1718f55c-e997-4c28-ae31-c271738718df,matched
2026-08-06T07:22:12Z,Stop,1718f55c-e997-4c28-ae31-c271738718df,matched
2026-08-06T07:24:43Z,Stop,1718f55c-e997-4c28-ae31-c271738718df,matched
2026-08-06T07:26:37Z,Stop,1718f55c-e997-4c28-ae31-c271738718df,matched
2026-08-06T01:58:20Z,StopFailure,1718f55c-e997-4c28-ae31-c271738718df,matched
2026-08-06T01:19:31Z,Notification,1fdea828-5e55-40d7-a2f5-3389a1d6ab26,matched
2026-08-06T02:04:54Z,Notification,1fdea828-5e55-40d7-a2f5-3389a1d6ab26,matched
2026-08-06T02:11:37Z,Notification,1fdea828-5e55-40d7-a2f5-3389a1d6ab26,matched
2026-08-06T02:13:43Z,Notification,1fdea828-5e55-40d7-a2f5-3389a1d6ab26,matched
2026-08-06T02:20:45Z,Notification,1fdea828-5e55-40d7-a2f5-3389a1d6ab26,matched
2026-08-06T02:24:03Z,Notification,1fdea828-5e55-40d7-a2f5-3389a1d6ab26,matched
2026-08-06T02:27:50Z,Notification,1fdea828-5e55-40d7-a2f5-3389a1d6ab26,matched
2026-08-06T03:18:41Z,Notification,1fdea828-5e55-40d7-a2f5-3389a1d6ab26,matched
2026-08-06T03:25:27Z,Notification,1fdea828-5e55-40d7-a2f5-3389a1d6ab26,matched
2026-08-06T03:29:04Z,Notification,1fdea828-5e55-40d7-a2f5-3389a1d6ab26,matched
2026-08-06T04:02:51Z,Notification,1fdea828-5e55-40d7-a2f5-3389a1d6ab26,matched
2026-08-06T05:06:18Z,Notification,1fdea828-5e55-40d7-a2f5-3389a1d6ab26,matched
2026-08-06T06:13:14Z,Notification,1fdea828-5e55-40d7-a2f5-3389a1d6ab26,matched
2026-08-06T06:19:11Z,Notification,1fdea828-5e55-40d7-a2f5-3389a1d6ab26,matched
2026-08-06T06:52:25Z,Notification,1fdea828-5e55-40d7-a2f5-3389a1d6ab26,matched
2026-08-06T06:53:20Z,Notification,1fdea828-5e55-40d7-a2f5-3389a1d6ab26,matched
2026-08-06T06:54:32Z,Notification,1fdea828-5e55-40d7-a2f5-3389a1d6ab26,matched
2026-08-06T07:36:05Z,Notification,1fdea828-5e55-40d7-a2f5-3389a1d6ab26,matched
2026-08-06T07:40:06Z,Notification,1fdea828-5e55-40d7-a2f5-3389a1d6ab26,matched
1785979164.787355,PreToolUse,1fdea828-5e55-40d7-a2f5-3389a1d6ab26,missed
1785981888.257534,PreToolUse,1fdea828-5e55-40d7-a2f5-3389a1d6ab26,missed
1785982207.733078,PreToolUse,1fdea828-5e55-40d7-a2f5-3389a1d6ab26,missed
1785982250.152503,PreToolUse,1fdea828-5e55-40d7-a2f5-3389a1d6ab26,missed
1785982250.659308,PreToolUse,1fdea828-5e55-40d7-a2f5-3389a1d6ab26,missed
1785982251.123477,PreToolUse,1fdea828-5e55-40d7-a2f5-3389a1d6ab26,missed
1785982291.2310221,PreToolUse,1fdea828-5e55-40d7-a2f5-3389a1d6ab26,missed
1785982417.3141298,PreToolUse,1fdea828-5e55-40d7-a2f5-3389a1d6ab26,missed
1785982838.803103,PreToolUse,1fdea828-5e55-40d7-a2f5-3389a1d6ab26,missed
1785982991.1955478,PreToolUse,1fdea828-5e55-40d7-a2f5-3389a1d6ab26,missed
1785983037.571766,PreToolUse,1fdea828-5e55-40d7-a2f5-3389a1d6ab26,missed
1785983152.720222,PreToolUse,1fdea828-5e55-40d7-a2f5-3389a1d6ab26,missed
1785983153.272877,PreToolUse,1fdea828-5e55-40d7-a2f5-3389a1d6ab26,missed
1785983153.748478,PreToolUse,1fdea828-5e55-40d7-a2f5-3389a1d6ab26,missed
1785985727.214663,PreToolUse,1fdea828-5e55-40d7-a2f5-3389a1d6ab26,missed
1785985727.692441,PreToolUse,1fdea828-5e55-40d7-a2f5-3389a1d6ab26,missed
1785985728.150583,PreToolUse,1fdea828-5e55-40d7-a2f5-3389a1d6ab26,missed
1785985753.558191,PreToolUse,1fdea828-5e55-40d7-a2f5-3389a1d6ab26,missed
1785985894.9318888,PreToolUse,1fdea828-5e55-40d7-a2f5-3389a1d6ab26,missed
1785985926.169282,PreToolUse,1fdea828-5e55-40d7-a2f5-3389a1d6ab26,missed
1785986315.145327,PreToolUse,1fdea828-5e55-40d7-a2f5-3389a1d6ab26,missed
1785986721.5374458,PreToolUse,1fdea828-5e55-40d7-a2f5-3389a1d6ab26,missed
1785986922.025134,PreToolUse,1fdea828-5e55-40d7-a2f5-3389a1d6ab26,missed
1785986938.078312,PreToolUse,1fdea828-5e55-40d7-a2f5-3389a1d6ab26,missed
1785987303.630186,PreToolUse,1fdea828-5e55-40d7-a2f5-3389a1d6ab26,missed
1785987305.462275,PreToolUse,1fdea828-5e55-40d7-a2f5-3389a1d6ab26,missed
1785987387.429195,PreToolUse,1fdea828-5e55-40d7-a2f5-3389a1d6ab26,missed
1785987410.849445,PreToolUse,1fdea828-5e55-40d7-a2f5-3389a1d6ab26,missed
1785987432.954571,PreToolUse,1fdea828-5e55-40d7-a2f5-3389a1d6ab26,missed
1785987433.920182,PreToolUse,1fdea828-5e55-40d7-a2f5-3389a1d6ab26,missed
1785987453.705178,PreToolUse,1fdea828-5e55-40d7-a2f5-3389a1d6ab26,missed
1785987454.3577359,PreToolUse,1fdea828-5e55-40d7-a2f5-3389a1d6ab26,missed
1785987455.1206532,PreToolUse,1fdea828-5e55-40d7-a2f5-3389a1d6ab26,missed
1785987455.673426,PreToolUse,1fdea828-5e55-40d7-a2f5-3389a1d6ab26,missed
1785987517.407084,PreToolUse,1fdea828-5e55-40d7-a2f5-3389a1d6ab26,missed
1785987518.1206841,PreToolUse,1fdea828-5e55-40d7-a2f5-3389a1d6ab26,missed
1785987518.767515,PreToolUse,1fdea828-5e55-40d7-a2f5-3389a1d6ab26,missed
1785987732.9988182,PreToolUse,1fdea828-5e55-40d7-a2f5-3389a1d6ab26,missed
1785987733.7594922,PreToolUse,1fdea828-5e55-40d7-a2f5-3389a1d6ab26,missed
1785987734.3787289,PreToolUse,1fdea828-5e55-40d7-a2f5-3389a1d6ab26,missed
1785987734.947031,PreToolUse,1fdea828-5e55-40d7-a2f5-3389a1d6ab26,missed
1785987885.37868,PreToolUse,1fdea828-5e55-40d7-a2f5-3389a1d6ab26,missed
1785987887.646631,PreToolUse,1fdea828-5e55-40d7-a2f5-3389a1d6ab26,missed
1785988591.267433,PreToolUse,1fdea828-5e55-40d7-a2f5-3389a1d6ab26,missed
1785988606.2816799,PreToolUse,1fdea828-5e55-40d7-a2f5-3389a1d6ab26,missed
1785988620.1353579,PreToolUse,1fdea828-5e55-40d7-a2f5-3389a1d6ab26,missed
1785988639.197463,PreToolUse,1fdea828-5e55-40d7-a2f5-3389a1d6ab26,missed
1785988840.6180632,PreToolUse,1fdea828-5e55-40d7-a2f5-3389a1d6ab26,missed
1785988880.277893,PreToolUse,1fdea828-5e55-40d7-a2f5-3389a1d6ab26,missed
1785988883.458443,PreToolUse,1fdea828-5e55-40d7-a2f5-3389a1d6ab26,missed
1785988886.0955572,PreToolUse,1fdea828-5e55-40d7-a2f5-3389a1d6ab26,missed
1785988888.273291,PreToolUse,1fdea828-5e55-40d7-a2f5-3389a1d6ab26,missed
1785988897.980895,PreToolUse,1fdea828-5e55-40d7-a2f5-3389a1d6ab26,missed
1785988903.44329,PreToolUse,1fdea828-5e55-40d7-a2f5-3389a1d6ab26,missed
1785988907.53383,PreToolUse,1fdea828-5e55-40d7-a2f5-3389a1d6ab26,missed
1785988938.092989,PreToolUse,1fdea828-5e55-40d7-a2f5-3389a1d6ab26,missed
1785988941.5748532,PreToolUse,1fdea828-5e55-40d7-a2f5-3389a1d6ab26,missed
1785988965.691573,PreToolUse,1fdea828-5e55-40d7-a2f5-3389a1d6ab26,missed
1785990073.518084,PreToolUse,1fdea828-5e55-40d7-a2f5-3389a1d6ab26,missed
1785990074.040292,PreToolUse,1fdea828-5e55-40d7-a2f5-3389a1d6ab26,missed
1785990075.731877,PreToolUse,1fdea828-5e55-40d7-a2f5-3389a1d6ab26,missed
1785990091.3062668,PreToolUse,1fdea828-5e55-40d7-a2f5-3389a1d6ab26,missed
1785990119.950197,PreToolUse,1fdea828-5e55-40d7-a2f5-3389a1d6ab26,missed
1785990292.014831,PreToolUse,1fdea828-5e55-40d7-a2f5-3389a1d6ab26,missed
1785990327.478125,PreToolUse,1fdea828-5e55-40d7-a2f5-3389a1d6ab26,missed
1785990655.191276,PreToolUse,1fdea828-5e55-40d7-a2f5-3389a1d6ab26,missed
1785990816.060978,PreToolUse,1fdea828-5e55-40d7-a2f5-3389a1d6ab26,missed
1785990823.352154,PreToolUse,1fdea828-5e55-40d7-a2f5-3389a1d6ab26,missed
1785991174.965246,PreToolUse,1fdea828-5e55-40d7-a2f5-3389a1d6ab26,missed
1785991186.4340951,PreToolUse,1fdea828-5e55-40d7-a2f5-3389a1d6ab26,missed
1785991189.1051898,PreToolUse,1fdea828-5e55-40d7-a2f5-3389a1d6ab26,missed
1785992223.651374,PreToolUse,1fdea828-5e55-40d7-a2f5-3389a1d6ab26,missed
1785992530.078403,PreToolUse,1fdea828-5e55-40d7-a2f5-3389a1d6ab26,missed
1785992531.9838028,PreToolUse,1fdea828-5e55-40d7-a2f5-3389a1d6ab26,missed
1785992533.872299,PreToolUse,1fdea828-5e55-40d7-a2f5-3389a1d6ab26,missed
1785992536.601182,PreToolUse,1fdea828-5e55-40d7-a2f5-3389a1d6ab26,missed
1785992539.5520031,PreToolUse,1fdea828-5e55-40d7-a2f5-3389a1d6ab26,missed
1785992547.688129,PreToolUse,1fdea828-5e55-40d7-a2f5-3389a1d6ab26,missed
1785992581.937865,PreToolUse,1fdea828-5e55-40d7-a2f5-3389a1d6ab26,missed
1785992586.4880939,PreToolUse,1fdea828-5e55-40d7-a2f5-3389a1d6ab26,missed
1785992589.8495119,PreToolUse,1fdea828-5e55-40d7-a2f5-3389a1d6ab26,missed
1785992592.453642,PreToolUse,1fdea828-5e55-40d7-a2f5-3389a1d6ab26,missed
1785992596.038411,PreToolUse,1fdea828-5e55-40d7-a2f5-3389a1d6ab26,missed
1785992615.8813992,PreToolUse,1fdea828-5e55-40d7-a2f5-3389a1d6ab26,missed
1785992626.22125,PreToolUse,1fdea828-5e55-40d7-a2f5-3389a1d6ab26,missed
1785992630.7951732,PreToolUse,1fdea828-5e55-40d7-a2f5-3389a1d6ab26,missed
1785992633.8985221,PreToolUse,1fdea828-5e55-40d7-a2f5-3389a1d6ab26,missed
1785992657.258667,PreToolUse,1fdea828-5e55-40d7-a2f5-3389a1d6ab26,missed
1785992659.5875142,PreToolUse,1fdea828-5e55-40d7-a2f5-3389a1d6ab26,missed
1785992677.65903,PreToolUse,1fdea828-5e55-40d7-a2f5-3389a1d6ab26,missed
1785992707.407516,PreToolUse,1fdea828-5e55-40d7-a2f5-3389a1d6ab26,missed
1785992715.928865,PreToolUse,1fdea828-5e55-40d7-a2f5-3389a1d6ab26,missed
1785992725.187999,PreToolUse,1fdea828-5e55-40d7-a2f5-3389a1d6ab26,missed
1785992740.195172,PreToolUse,1fdea828-5e55-40d7-a2f5-3389a1d6ab26,missed
1785992750.8881412,PreToolUse,1fdea828-5e55-40d7-a2f5-3389a1d6ab26,missed
1785992771.8660748,PreToolUse,1fdea828-5e55-40d7-a2f5-3389a1d6ab26,missed
1785996720.394669,PreToolUse,1fdea828-5e55-40d7-a2f5-3389a1d6ab26,missed
1785996773.5455601,PreToolUse,1fdea828-5e55-40d7-a2f5-3389a1d6ab26,missed
1785996788.773741,PreToolUse,1fdea828-5e55-40d7-a2f5-3389a1d6ab26,missed
1785996960.474294,PreToolUse,1fdea828-5e55-40d7-a2f5-3389a1d6ab26,missed
1785997000.2330759,PreToolUse,1fdea828-5e55-40d7-a2f5-3389a1d6ab26,missed
1785997000.8675241,PreToolUse,1fdea828-5e55-40d7-a2f5-3389a1d6ab26,missed
1785997002.7151182,PreToolUse,1fdea828-5e55-40d7-a2f5-3389a1d6ab26,missed
1785997024.449924,PreToolUse,1fdea828-5e55-40d7-a2f5-3389a1d6ab26,missed
1785997055.458678,PreToolUse,1fdea828-5e55-40d7-a2f5-3389a1d6ab26,missed
1785997059.786768,PreToolUse,1fdea828-5e55-40d7-a2f5-3389a1d6ab26,missed
1785997064.237578,PreToolUse,1fdea828-5e55-40d7-a2f5-3389a1d6ab26,missed
1785997075.146184,PreToolUse,1fdea828-5e55-40d7-a2f5-3389a1d6ab26,missed
1785997081.726876,PreToolUse,1fdea828-5e55-40d7-a2f5-3389a1d6ab26,missed
1785997091.897932,PreToolUse,1fdea828-5e55-40d7-a2f5-3389a1d6ab26,missed
1785997107.409269,PreToolUse,1fdea828-5e55-40d7-a2f5-3389a1d6ab26,missed
1785997131.882774,PreToolUse,1fdea828-5e55-40d7-a2f5-3389a1d6ab26,missed
1785997137.2704241,PreToolUse,1fdea828-5e55-40d7-a2f5-3389a1d6ab26,missed
1785997145.46418,PreToolUse,1fdea828-5e55-40d7-a2f5-3389a1d6ab26,missed
1785998409.557199,PreToolUse,1fdea828-5e55-40d7-a2f5-3389a1d6ab26,missed
1785998414.228511,PreToolUse,1fdea828-5e55-40d7-a2f5-3389a1d6ab26,missed
1785998419.669986,PreToolUse,1fdea828-5e55-40d7-a2f5-3389a1d6ab26,missed
1785998430.865184,PreToolUse,1fdea828-5e55-40d7-a2f5-3389a1d6ab26,missed
1785998452.4541261,PreToolUse,1fdea828-5e55-40d7-a2f5-3389a1d6ab26,missed
1785998499.042748,PreToolUse,1fdea828-5e55-40d7-a2f5-3389a1d6ab26,missed
1785998522.8982038,PreToolUse,1fdea828-5e55-40d7-a2f5-3389a1d6ab26,missed
1785998539.6742558,PreToolUse,1fdea828-5e55-40d7-a2f5-3389a1d6ab26,missed
1785998564.4285061,PreToolUse,1fdea828-5e55-40d7-a2f5-3389a1d6ab26,missed
1785998578.031583,PreToolUse,1fdea828-5e55-40d7-a2f5-3389a1d6ab26,missed
1785998578.89041,PreToolUse,1fdea828-5e55-40d7-a2f5-3389a1d6ab26,missed
1785998580.08541,PreToolUse,1fdea828-5e55-40d7-a2f5-3389a1d6ab26,missed
1785998786.0252428,PreToolUse,1fdea828-5e55-40d7-a2f5-3389a1d6ab26,missed
1785998786.702516,PreToolUse,1fdea828-5e55-40d7-a2f5-3389a1d6ab26,missed
1785998787.406728,PreToolUse,1fdea828-5e55-40d7-a2f5-3389a1d6ab26,missed
1785998906.071242,PreToolUse,1fdea828-5e55-40d7-a2f5-3389a1d6ab26,missed
1785998939.651859,PreToolUse,1fdea828-5e55-40d7-a2f5-3389a1d6ab26,missed
1785998948.606735,PreToolUse,1fdea828-5e55-40d7-a2f5-3389a1d6ab26,missed
1785998972.747951,PreToolUse,1fdea828-5e55-40d7-a2f5-3389a1d6ab26,missed
1785998974.067734,PreToolUse,1fdea828-5e55-40d7-a2f5-3389a1d6ab26,missed
1785998975.618339,PreToolUse,1fdea828-5e55-40d7-a2f5-3389a1d6ab26,missed
1785998977.4213178,PreToolUse,1fdea828-5e55-40d7-a2f5-3389a1d6ab26,missed
1785998978.657871,PreToolUse,1fdea828-5e55-40d7-a2f5-3389a1d6ab26,missed
1785998996.170966,PreToolUse,1fdea828-5e55-40d7-a2f5-3389a1d6ab26,missed
1785998996.894078,PreToolUse,1fdea828-5e55-40d7-a2f5-3389a1d6ab26,missed
1785998997.595856,PreToolUse,1fdea828-5e55-40d7-a2f5-3389a1d6ab26,missed
1785999002.658763,PreToolUse,1fdea828-5e55-40d7-a2f5-3389a1d6ab26,missed
1785999003.403181,PreToolUse,1fdea828-5e55-40d7-a2f5-3389a1d6ab26,missed
1785999024.751067,PreToolUse,1fdea828-5e55-40d7-a2f5-3389a1d6ab26,missed
1785999025.491348,PreToolUse,1fdea828-5e55-40d7-a2f5-3389a1d6ab26,missed
1785999060.982912,PreToolUse,1fdea828-5e55-40d7-a2f5-3389a1d6ab26,missed
1785999082.119353,PreToolUse,1fdea828-5e55-40d7-a2f5-3389a1d6ab26,missed
1785999090.047606,PreToolUse,1fdea828-5e55-40d7-a2f5-3389a1d6ab26,missed
1785999090.555976,PreToolUse,1fdea828-5e55-40d7-a2f5-3389a1d6ab26,missed
1785999092.044629,PreToolUse,1fdea828-5e55-40d7-a2f5-3389a1d6ab26,missed
1785999102.2525282,PreToolUse,1fdea828-5e55-40d7-a2f5-3389a1d6ab26,missed
1785999102.8188648,PreToolUse,1fdea828-5e55-40d7-a2f5-3389a1d6ab26,missed
1785999107.110702,PreToolUse,1fdea828-5e55-40d7-a2f5-3389a1d6ab26,missed
1785999128.932983,PreToolUse,1fdea828-5e55-40d7-a2f5-3389a1d6ab26,missed
1785999131.407541,PreToolUse,1fdea828-5e55-40d7-a2f5-3389a1d6ab26,missed
1785999139.7575722,PreToolUse,1fdea828-5e55-40d7-a2f5-3389a1d6ab26,missed
1785999150.266119,PreToolUse,1fdea828-5e55-40d7-a2f5-3389a1d6ab26,missed
1785999153.578221,PreToolUse,1fdea828-5e55-40d7-a2f5-3389a1d6ab26,missed
1785999194.145825,PreToolUse,1fdea828-5e55-40d7-a2f5-3389a1d6ab26,missed
1785999260.887985,PreToolUse,1fdea828-5e55-40d7-a2f5-3389a1d6ab26,missed
1785999261.138842,PreToolUse,1fdea828-5e55-40d7-a2f5-3389a1d6ab26,missed
1785999265.926539,PreToolUse,1fdea828-5e55-40d7-a2f5-3389a1d6ab26,missed
1785999433.4948149,PreToolUse,1fdea828-5e55-40d7-a2f5-3389a1d6ab26,missed
1785999472.4578109,PreToolUse,1fdea828-5e55-40d7-a2f5-3389a1d6ab26,missed
1785999473.0913322,PreToolUse,1fdea828-5e55-40d7-a2f5-3389a1d6ab26,missed
1785999474.3461492,PreToolUse,1fdea828-5e55-40d7-a2f5-3389a1d6ab26,missed
1785999484.7419531,PreToolUse,1fdea828-5e55-40d7-a2f5-3389a1d6ab26,missed
1785999493.064165,PreToolUse,1fdea828-5e55-40d7-a2f5-3389a1d6ab26,missed
1785999503.224572,PreToolUse,1fdea828-5e55-40d7-a2f5-3389a1d6ab26,missed
1785999510.025352,PreToolUse,1fdea828-5e55-40d7-a2f5-3389a1d6ab26,missed
1785999521.915358,PreToolUse,1fdea828-5e55-40d7-a2f5-3389a1d6ab26,missed
1785999529.6897411,PreToolUse,1fdea828-5e55-40d7-a2f5-3389a1d6ab26,missed
1785999581.931028,PreToolUse,1fdea828-5e55-40d7-a2f5-3389a1d6ab26,missed
1785999587.571578,PreToolUse,1fdea828-5e55-40d7-a2f5-3389a1d6ab26,missed
1785999610.5032508,PreToolUse,1fdea828-5e55-40d7-a2f5-3389a1d6ab26,missed
1785999623.4783192,PreToolUse,1fdea828-5e55-40d7-a2f5-3389a1d6ab26,missed
1785999629.84272,PreToolUse,1fdea828-5e55-40d7-a2f5-3389a1d6ab26,missed
1785999645.307598,PreToolUse,1fdea828-5e55-40d7-a2f5-3389a1d6ab26,missed
1785999646.560062,PreToolUse,1fdea828-5e55-40d7-a2f5-3389a1d6ab26,missed
1785999653.974518,PreToolUse,1fdea828-5e55-40d7-a2f5-3389a1d6ab26,missed
1785999669.140686,PreToolUse,1fdea828-5e55-40d7-a2f5-3389a1d6ab26,missed
1785999676.671032,PreToolUse,1fdea828-5e55-40d7-a2f5-3389a1d6ab26,missed
1785999686.818126,PreToolUse,1fdea828-5e55-40d7-a2f5-3389a1d6ab26,missed
1785999693.1280682,PreToolUse,1fdea828-5e55-40d7-a2f5-3389a1d6ab26,missed
1785999706.14582,PreToolUse,1fdea828-5e55-40d7-a2f5-3389a1d6ab26,missed
1785999721.801705,PreToolUse,1fdea828-5e55-40d7-a2f5-3389a1d6ab26,missed
1785999739.1674922,PreToolUse,1fdea828-5e55-40d7-a2f5-3389a1d6ab26,missed
1785999746.2559621,PreToolUse,1fdea828-5e55-40d7-a2f5-3389a1d6ab26,missed
1785999753.9728901,PreToolUse,1fdea828-5e55-40d7-a2f5-3389a1d6ab26,missed
1785999754.971966,PreToolUse,1fdea828-5e55-40d7-a2f5-3389a1d6ab26,missed
1785999820.506668,PreToolUse,1fdea828-5e55-40d7-a2f5-3389a1d6ab26,missed
1785999832.6862311,PreToolUse,1fdea828-5e55-40d7-a2f5-3389a1d6ab26,missed
1785999842.833626,PreToolUse,1fdea828-5e55-40d7-a2f5-3389a1d6ab26,missed
1785999921.4035919,PreToolUse,1fdea828-5e55-40d7-a2f5-3389a1d6ab26,missed
1785999982.9312398,PreToolUse,1fdea828-5e55-40d7-a2f5-3389a1d6ab26,missed
1785999996.3887308,PreToolUse,1fdea828-5e55-40d7-a2f5-3389a1d6ab26,missed
1786000032.061972,PreToolUse,1fdea828-5e55-40d7-a2f5-3389a1d6ab26,missed
1786000077.649566,PreToolUse,1fdea828-5e55-40d7-a2f5-3389a1d6ab26,missed
1786000128.7376251,PreToolUse,1fdea828-5e55-40d7-a2f5-3389a1d6ab26,missed
1786000165.220499,PreToolUse,1fdea828-5e55-40d7-a2f5-3389a1d6ab26,missed
1786000211.922983,PreToolUse,1fdea828-5e55-40d7-a2f5-3389a1d6ab26,missed
1786000242.6550999,PreToolUse,1fdea828-5e55-40d7-a2f5-3389a1d6ab26,missed
1786000250.894727,PreToolUse,1fdea828-5e55-40d7-a2f5-3389a1d6ab26,missed
1786000260.822767,PreToolUse,1fdea828-5e55-40d7-a2f5-3389a1d6ab26,missed
1786000269.4868522,PreToolUse,1fdea828-5e55-40d7-a2f5-3389a1d6ab26,missed
1786000270.105155,PreToolUse,1fdea828-5e55-40d7-a2f5-3389a1d6ab26,missed
1786000273.611073,PreToolUse,1fdea828-5e55-40d7-a2f5-3389a1d6ab26,missed
1786000335.5576398,PreToolUse,1fdea828-5e55-40d7-a2f5-3389a1d6ab26,missed
1786000347.252877,PreToolUse,1fdea828-5e55-40d7-a2f5-3389a1d6ab26,missed
1786000465.144522,PreToolUse,1fdea828-5e55-40d7-a2f5-3389a1d6ab26,missed
1786000584.3998022,PreToolUse,1fdea828-5e55-40d7-a2f5-3389a1d6ab26,missed
1786000622.65743,PreToolUse,1fdea828-5e55-40d7-a2f5-3389a1d6ab26,missed
1786000638.08537,PreToolUse,1fdea828-5e55-40d7-a2f5-3389a1d6ab26,missed
1786000638.782281,PreToolUse,1fdea828-5e55-40d7-a2f5-3389a1d6ab26,missed
1786000645.66015,PreToolUse,1fdea828-5e55-40d7-a2f5-3389a1d6ab26,missed
1786000675.965558,PreToolUse,1fdea828-5e55-40d7-a2f5-3389a1d6ab26,missed
1786000676.342128,PreToolUse,1fdea828-5e55-40d7-a2f5-3389a1d6ab26,missed
1786000677.130054,PreToolUse,1fdea828-5e55-40d7-a2f5-3389a1d6ab26,missed
1786000679.008476,PreToolUse,1fdea828-5e55-40d7-a2f5-3389a1d6ab26,missed
1786000715.8357482,PreToolUse,1fdea828-5e55-40d7-a2f5-3389a1d6ab26,missed
1786000717.7111192,PreToolUse,1fdea828-5e55-40d7-a2f5-3389a1d6ab26,missed
1786000730.518205,PreToolUse,1fdea828-5e55-40d7-a2f5-3389a1d6ab26,missed
1786000749.6570072,PreToolUse,1fdea828-5e55-40d7-a2f5-3389a1d6ab26,missed
1786000752.350837,PreToolUse,1fdea828-5e55-40d7-a2f5-3389a1d6ab26,missed
1786000885.175518,PreToolUse,1fdea828-5e55-40d7-a2f5-3389a1d6ab26,missed
1786000887.419338,PreToolUse,1fdea828-5e55-40d7-a2f5-3389a1d6ab26,missed
1786000937.041418,PreToolUse,1fdea828-5e55-40d7-a2f5-3389a1d6ab26,missed
1786001119.9288871,PreToolUse,1fdea828-5e55-40d7-a2f5-3389a1d6ab26,missed
1786001184.424793,PreToolUse,1fdea828-5e55-40d7-a2f5-3389a1d6ab26,missed
1786001419.790435,PreToolUse,1fdea828-5e55-40d7-a2f5-3389a1d6ab26,missed
1786001455.948791,PreToolUse,1fdea828-5e55-40d7-a2f5-3389a1d6ab26,missed
1786001479.824172,PreToolUse,1fdea828-5e55-40d7-a2f5-3389a1d6ab26,missed
1786001610.351556,PreToolUse,1fdea828-5e55-40d7-a2f5-3389a1d6ab26,missed
1786001611.5969028,PreToolUse,1fdea828-5e55-40d7-a2f5-3389a1d6ab26,missed
1786001650.945138,PreToolUse,1fdea828-5e55-40d7-a2f5-3389a1d6ab26,missed
1786001658.0489678,PreToolUse,1fdea828-5e55-40d7-a2f5-3389a1d6ab26,missed
1786001690.696737,PreToolUse,1fdea828-5e55-40d7-a2f5-3389a1d6ab26,missed
1786001709.277018,PreToolUse,1fdea828-5e55-40d7-a2f5-3389a1d6ab26,missed
1786001731.672631,PreToolUse,1fdea828-5e55-40d7-a2f5-3389a1d6ab26,missed
1786001759.1438348,PreToolUse,1fdea828-5e55-40d7-a2f5-3389a1d6ab26,missed
2026-08-06T07:51:24Z,SessionEnd,1fdea828-5e55-40d7-a2f5-3389a1d6ab26,matched
2026-08-06T02:26:49Z,Stop,1fdea828-5e55-40d7-a2f5-3389a1d6ab26,matched
2026-08-06T07:31:45Z,Stop,1fdea828-5e55-40d7-a2f5-3389a1d6ab26,matched
2026-08-06T07:39:06Z,Stop,1fdea828-5e55-40d7-a2f5-3389a1d6ab26,matched
2026-08-06T01:19:32Z,Notification,300f6663-70de-4b8c-8529-d6277f5af634,matched
2026-08-06T02:04:26Z,Notification,300f6663-70de-4b8c-8529-d6277f5af634,matched
2026-08-06T02:09:37Z,Notification,300f6663-70de-4b8c-8529-d6277f5af634,matched
2026-08-06T02:14:31Z,Notification,300f6663-70de-4b8c-8529-d6277f5af634,matched
2026-08-06T02:18:56Z,Notification,300f6663-70de-4b8c-8529-d6277f5af634,matched
2026-08-06T02:19:39Z,Notification,300f6663-70de-4b8c-8529-d6277f5af634,matched
2026-08-06T02:20:52Z,Notification,300f6663-70de-4b8c-8529-d6277f5af634,matched
2026-08-06T02:23:19Z,Notification,300f6663-70de-4b8c-8529-d6277f5af634,matched
2026-08-06T02:26:52Z,Notification,300f6663-70de-4b8c-8529-d6277f5af634,matched
2026-08-06T02:31:23Z,Notification,300f6663-70de-4b8c-8529-d6277f5af634,matched
2026-08-06T03:09:28Z,Notification,300f6663-70de-4b8c-8529-d6277f5af634,matched
2026-08-06T03:10:28Z,Notification,300f6663-70de-4b8c-8529-d6277f5af634,matched
2026-08-06T03:13:22Z,Notification,300f6663-70de-4b8c-8529-d6277f5af634,matched
2026-08-06T03:24:22Z,Notification,300f6663-70de-4b8c-8529-d6277f5af634,matched
2026-08-06T03:30:31Z,Notification,300f6663-70de-4b8c-8529-d6277f5af634,matched
2026-08-06T03:43:34Z,Notification,300f6663-70de-4b8c-8529-d6277f5af634,matched
2026-08-06T03:56:32Z,Notification,300f6663-70de-4b8c-8529-d6277f5af634,matched
2026-08-06T04:00:36Z,Notification,300f6663-70de-4b8c-8529-d6277f5af634,matched
2026-08-06T04:21:34Z,Notification,300f6663-70de-4b8c-8529-d6277f5af634,matched
2026-08-06T05:03:15Z,Notification,300f6663-70de-4b8c-8529-d6277f5af634,matched
2026-08-06T06:20:53Z,Notification,300f6663-70de-4b8c-8529-d6277f5af634,matched
2026-08-06T06:53:26Z,Notification,300f6663-70de-4b8c-8529-d6277f5af634,matched
2026-08-06T06:53:51Z,Notification,300f6663-70de-4b8c-8529-d6277f5af634,matched
2026-08-06T07:13:43Z,Notification,300f6663-70de-4b8c-8529-d6277f5af634,matched
2026-08-06T07:22:12Z,Notification,300f6663-70de-4b8c-8529-d6277f5af634,matched
2026-08-06T07:31:12Z,Notification,300f6663-70de-4b8c-8529-d6277f5af634,matched
2026-08-06T07:33:32Z,Notification,300f6663-70de-4b8c-8529-d6277f5af634,matched
2026-08-06T07:38:37Z,Notification,300f6663-70de-4b8c-8529-d6277f5af634,matched
2026-08-06T07:52:34Z,Notification,300f6663-70de-4b8c-8529-d6277f5af634,matched
2026-08-06T07:56:44Z,Notification,300f6663-70de-4b8c-8529-d6277f5af634,matched
2026-08-06T08:01:34Z,Notification,300f6663-70de-4b8c-8529-d6277f5af634,matched
2026-08-06T08:13:55Z,Notification,300f6663-70de-4b8c-8529-d6277f5af634,matched
2026-08-06T08:18:18Z,Notification,300f6663-70de-4b8c-8529-d6277f5af634,matched
2026-08-06T08:28:22Z,Notification,300f6663-70de-4b8c-8529-d6277f5af634,matched
2026-08-06T08:31:04Z,Notification,300f6663-70de-4b8c-8529-d6277f5af634,matched
2026-08-06T08:37:33Z,Notification,300f6663-70de-4b8c-8529-d6277f5af634,matched
2026-08-06T08:45:15Z,Notification,300f6663-70de-4b8c-8529-d6277f5af634,matched
2026-08-06T08:51:18Z,Notification,300f6663-70de-4b8c-8529-d6277f5af634,matched
2026-08-06T09:11:33Z,Notification,300f6663-70de-4b8c-8529-d6277f5af634,matched
2026-08-06T09:15:44Z,Notification,300f6663-70de-4b8c-8529-d6277f5af634,matched
2026-08-06T09:17:30Z,Notification,300f6663-70de-4b8c-8529-d6277f5af634,matched
2026-08-06T09:19:21Z,Notification,300f6663-70de-4b8c-8529-d6277f5af634,matched
2026-08-06T09:27:09Z,Notification,300f6663-70de-4b8c-8529-d6277f5af634,matched
2026-08-06T09:28:01Z,Notification,300f6663-70de-4b8c-8529-d6277f5af634,matched
2026-08-06T09:30:23Z,Notification,300f6663-70de-4b8c-8529-d6277f5af634,matched
2026-08-06T09:38:27Z,Notification,300f6663-70de-4b8c-8529-d6277f5af634,matched
2026-08-06T10:00:38Z,Notification,300f6663-70de-4b8c-8529-d6277f5af634,matched
2026-08-06T10:05:17Z,Notification,300f6663-70de-4b8c-8529-d6277f5af634,matched
2026-08-06T11:04:07Z,Notification,300f6663-70de-4b8c-8529-d6277f5af634,matched
2026-08-06T11:18:25Z,Notification,300f6663-70de-4b8c-8529-d6277f5af634,matched
2026-08-06T11:24:27Z,Notification,300f6663-70de-4b8c-8529-d6277f5af634,matched
2026-08-06T11:27:08Z,Notification,300f6663-70de-4b8c-8529-d6277f5af634,matched
2026-08-06T11:31:18Z,Notification,300f6663-70de-4b8c-8529-d6277f5af634,matched
2026-08-06T11:33:42Z,Notification,300f6663-70de-4b8c-8529-d6277f5af634,matched
2026-08-06T11:44:47Z,Notification,300f6663-70de-4b8c-8529-d6277f5af634,matched
2026-08-06T11:51:50Z,Notification,300f6663-70de-4b8c-8529-d6277f5af634,matched
2026-08-06T11:54:05Z,Notification,300f6663-70de-4b8c-8529-d6277f5af634,matched
2026-08-06T11:57:00Z,Notification,300f6663-70de-4b8c-8529-d6277f5af634,matched
2026-08-06T12:00:23Z,Notification,300f6663-70de-4b8c-8529-d6277f5af634,matched
2026-08-06T12:09:48Z,Notification,300f6663-70de-4b8c-8529-d6277f5af634,matched
2026-08-06T13:01:39Z,Notification,300f6663-70de-4b8c-8529-d6277f5af634,matched
2026-08-06T13:04:11Z,Notification,300f6663-70de-4b8c-8529-d6277f5af634,matched
2026-08-06T13:05:10Z,Notification,300f6663-70de-4b8c-8529-d6277f5af634,matched
2026-08-06T13:07:22Z,Notification,300f6663-70de-4b8c-8529-d6277f5af634,matched
2026-08-06T13:10:53Z,Notification,300f6663-70de-4b8c-8529-d6277f5af634,matched
2026-08-06T14:26:10Z,Notification,300f6663-70de-4b8c-8529-d6277f5af634,matched
2026-08-06T14:30:56Z,Notification,300f6663-70de-4b8c-8529-d6277f5af634,matched
1785979164.630612,PreToolUse,300f6663-70de-4b8c-8529-d6277f5af634,missed
1785979166.1287,PreToolUse,300f6663-70de-4b8c-8529-d6277f5af634,missed
1785981835.6939242,PreToolUse,300f6663-70de-4b8c-8529-d6277f5af634,missed
1785981859.8662322,PreToolUse,300f6663-70de-4b8c-8529-d6277f5af634,missed
1785982171.301319,PreToolUse,300f6663-70de-4b8c-8529-d6277f5af634,missed
1785982370.292777,PreToolUse,300f6663-70de-4b8c-8529-d6277f5af634,missed
1785982431.163209,PreToolUse,300f6663-70de-4b8c-8529-d6277f5af634,missed
1785982464.847949,PreToolUse,300f6663-70de-4b8c-8529-d6277f5af634,missed
1785982675.4306188,PreToolUse,300f6663-70de-4b8c-8529-d6277f5af634,missed
1785982730.079835,PreToolUse,300f6663-70de-4b8c-8529-d6277f5af634,missed
1785982773.340071,PreToolUse,300f6663-70de-4b8c-8529-d6277f5af634,missed
1785982802.276698,PreToolUse,300f6663-70de-4b8c-8529-d6277f5af634,missed
1785982802.749063,PreToolUse,300f6663-70de-4b8c-8529-d6277f5af634,missed
1785982803.206478,PreToolUse,300f6663-70de-4b8c-8529-d6277f5af634,missed
1785982846.744782,PreToolUse,300f6663-70de-4b8c-8529-d6277f5af634,missed
1785982954.852366,PreToolUse,300f6663-70de-4b8c-8529-d6277f5af634,missed
1785982981.7255318,PreToolUse,300f6663-70de-4b8c-8529-d6277f5af634,missed
1785982993.182475,PreToolUse,300f6663-70de-4b8c-8529-d6277f5af634,missed
1785983206.677425,PreToolUse,300f6663-70de-4b8c-8529-d6277f5af634,missed
1785983477.296656,PreToolUse,300f6663-70de-4b8c-8529-d6277f5af634,missed
1785985735.566512,PreToolUse,300f6663-70de-4b8c-8529-d6277f5af634,missed
1785985762.7814379,PreToolUse,300f6663-70de-4b8c-8529-d6277f5af634,missed
1785985821.876122,PreToolUse,300f6663-70de-4b8c-8529-d6277f5af634,missed
1785985992.615696,PreToolUse,300f6663-70de-4b8c-8529-d6277f5af634,missed
1785985995.9830332,PreToolUse,300f6663-70de-4b8c-8529-d6277f5af634,missed
1785986656.349086,PreToolUse,300f6663-70de-4b8c-8529-d6277f5af634,missed
1785986797.040481,PreToolUse,300f6663-70de-4b8c-8529-d6277f5af634,missed
1785986841.0825222,PreToolUse,300f6663-70de-4b8c-8529-d6277f5af634,missed
1785986879.822918,PreToolUse,300f6663-70de-4b8c-8529-d6277f5af634,missed
1785986903.0529768,PreToolUse,300f6663-70de-4b8c-8529-d6277f5af634,missed
1785987025.598728,PreToolUse,300f6663-70de-4b8c-8529-d6277f5af634,missed
1785987294.1190069,PreToolUse,300f6663-70de-4b8c-8529-d6277f5af634,missed
1785987295.8019829,PreToolUse,300f6663-70de-4b8c-8529-d6277f5af634,missed
1785987297.365267,PreToolUse,300f6663-70de-4b8c-8529-d6277f5af634,missed
1785987299.365812,PreToolUse,300f6663-70de-4b8c-8529-d6277f5af634,missed
1785987300.9775438,PreToolUse,300f6663-70de-4b8c-8529-d6277f5af634,missed
1785987380.436964,PreToolUse,300f6663-70de-4b8c-8529-d6277f5af634,missed
1785987380.750766,PreToolUse,300f6663-70de-4b8c-8529-d6277f5af634,missed
1785987462.733516,PreToolUse,300f6663-70de-4b8c-8529-d6277f5af634,missed
1785987463.857117,PreToolUse,300f6663-70de-4b8c-8529-d6277f5af634,missed
1785987503.129662,PreToolUse,300f6663-70de-4b8c-8529-d6277f5af634,missed
1785987519.1164758,PreToolUse,300f6663-70de-4b8c-8529-d6277f5af634,missed
1785987519.708265,PreToolUse,300f6663-70de-4b8c-8529-d6277f5af634,missed
1785987534.638387,PreToolUse,300f6663-70de-4b8c-8529-d6277f5af634,missed
1785987535.892648,PreToolUse,300f6663-70de-4b8c-8529-d6277f5af634,missed
1785987555.482589,PreToolUse,300f6663-70de-4b8c-8529-d6277f5af634,missed
1785987557.119545,PreToolUse,300f6663-70de-4b8c-8529-d6277f5af634,missed
1785987600.651545,PreToolUse,300f6663-70de-4b8c-8529-d6277f5af634,missed
1785987602.518949,PreToolUse,300f6663-70de-4b8c-8529-d6277f5af634,missed
1785987637.357513,PreToolUse,300f6663-70de-4b8c-8529-d6277f5af634,missed
1785987638.6780999,PreToolUse,300f6663-70de-4b8c-8529-d6277f5af634,missed
1785987670.90847,PreToolUse,300f6663-70de-4b8c-8529-d6277f5af634,missed
1785987672.743455,PreToolUse,300f6663-70de-4b8c-8529-d6277f5af634,missed
1785987739.161591,PreToolUse,300f6663-70de-4b8c-8529-d6277f5af634,missed
1785987808.236365,PreToolUse,300f6663-70de-4b8c-8529-d6277f5af634,missed
1785988586.45028,PreToolUse,300f6663-70de-4b8c-8529-d6277f5af634,missed
1785988736.428427,PreToolUse,300f6663-70de-4b8c-8529-d6277f5af634,missed
1785988756.118735,PreToolUse,300f6663-70de-4b8c-8529-d6277f5af634,missed
1785988830.232665,PreToolUse,300f6663-70de-4b8c-8529-d6277f5af634,missed
1785990088.0451431,PreToolUse,300f6663-70de-4b8c-8529-d6277f5af634,missed
1785992540.30058,PreToolUse,300f6663-70de-4b8c-8529-d6277f5af634,missed
1785992561.257786,PreToolUse,300f6663-70de-4b8c-8529-d6277f5af634,missed
1785992575.331896,PreToolUse,300f6663-70de-4b8c-8529-d6277f5af634,missed
1785992581.715195,PreToolUse,300f6663-70de-4b8c-8529-d6277f5af634,missed
1785992589.045473,PreToolUse,300f6663-70de-4b8c-8529-d6277f5af634,missed
1785996794.792026,PreToolUse,300f6663-70de-4b8c-8529-d6277f5af634,missed
1785996795.40753,PreToolUse,300f6663-70de-4b8c-8529-d6277f5af634,missed
1785996795.8049762,PreToolUse,300f6663-70de-4b8c-8529-d6277f5af634,missed
1785996839.8098402,PreToolUse,300f6663-70de-4b8c-8529-d6277f5af634,missed
1785996841.54559,PreToolUse,300f6663-70de-4b8c-8529-d6277f5af634,missed
1785996873.0176482,PreToolUse,300f6663-70de-4b8c-8529-d6277f5af634,missed
1785996875.666284,PreToolUse,300f6663-70de-4b8c-8529-d6277f5af634,missed
1785996889.011165,PreToolUse,300f6663-70de-4b8c-8529-d6277f5af634,missed
1785996961.223549,PreToolUse,300f6663-70de-4b8c-8529-d6277f5af634,missed
1785996962.288795,PreToolUse,300f6663-70de-4b8c-8529-d6277f5af634,missed
1785997003.786515,PreToolUse,300f6663-70de-4b8c-8529-d6277f5af634,missed
1785997005.413305,PreToolUse,300f6663-70de-4b8c-8529-d6277f5af634,missed
1785997205.6554701,PreToolUse,300f6663-70de-4b8c-8529-d6277f5af634,missed
1785997247.5611992,PreToolUse,300f6663-70de-4b8c-8529-d6277f5af634,missed
1785998387.965722,PreToolUse,300f6663-70de-4b8c-8529-d6277f5af634,missed
1785998425.627263,PreToolUse,300f6663-70de-4b8c-8529-d6277f5af634,missed
1785998480.931008,PreToolUse,300f6663-70de-4b8c-8529-d6277f5af634,missed
1785998523.2125492,PreToolUse,300f6663-70de-4b8c-8529-d6277f5af634,missed
1785998530.126904,PreToolUse,300f6663-70de-4b8c-8529-d6277f5af634,missed
1785998531.4365451,PreToolUse,300f6663-70de-4b8c-8529-d6277f5af634,missed
1785998532.430292,PreToolUse,300f6663-70de-4b8c-8529-d6277f5af634,missed
1785998562.4668171,PreToolUse,300f6663-70de-4b8c-8529-d6277f5af634,missed
1785998563.1778262,PreToolUse,300f6663-70de-4b8c-8529-d6277f5af634,missed
1785998575.5987399,PreToolUse,300f6663-70de-4b8c-8529-d6277f5af634,missed
1785998607.946028,PreToolUse,300f6663-70de-4b8c-8529-d6277f5af634,missed
1785998608.37251,PreToolUse,300f6663-70de-4b8c-8529-d6277f5af634,missed
1785998664.1418428,PreToolUse,300f6663-70de-4b8c-8529-d6277f5af634,missed
1785998664.638217,PreToolUse,300f6663-70de-4b8c-8529-d6277f5af634,missed
1785998692.592928,PreToolUse,300f6663-70de-4b8c-8529-d6277f5af634,missed
1785998694.860225,PreToolUse,300f6663-70de-4b8c-8529-d6277f5af634,missed
1785998709.112957,PreToolUse,300f6663-70de-4b8c-8529-d6277f5af634,missed
1785998718.304311,PreToolUse,300f6663-70de-4b8c-8529-d6277f5af634,missed
1785998744.429415,PreToolUse,300f6663-70de-4b8c-8529-d6277f5af634,missed
1785998761.904303,PreToolUse,300f6663-70de-4b8c-8529-d6277f5af634,missed
1785998797.519077,PreToolUse,300f6663-70de-4b8c-8529-d6277f5af634,missed
1785998853.893451,PreToolUse,300f6663-70de-4b8c-8529-d6277f5af634,missed
1785998859.7143161,PreToolUse,300f6663-70de-4b8c-8529-d6277f5af634,missed
1785998865.703559,PreToolUse,300f6663-70de-4b8c-8529-d6277f5af634,missed
1785998881.786591,PreToolUse,300f6663-70de-4b8c-8529-d6277f5af634,missed
1785998908.3049479,PreToolUse,300f6663-70de-4b8c-8529-d6277f5af634,missed
1785998936.6642392,PreToolUse,300f6663-70de-4b8c-8529-d6277f5af634,missed
1785998937.554899,PreToolUse,300f6663-70de-4b8c-8529-d6277f5af634,missed
1785998969.762454,PreToolUse,300f6663-70de-4b8c-8529-d6277f5af634,missed
1785999019.045751,PreToolUse,300f6663-70de-4b8c-8529-d6277f5af634,missed
1785999078.5648441,PreToolUse,300f6663-70de-4b8c-8529-d6277f5af634,missed
1785999132.624435,PreToolUse,300f6663-70de-4b8c-8529-d6277f5af634,missed
1785999141.211914,PreToolUse,300f6663-70de-4b8c-8529-d6277f5af634,missed
1785999163.006217,PreToolUse,300f6663-70de-4b8c-8529-d6277f5af634,missed
1785999190.212137,PreToolUse,300f6663-70de-4b8c-8529-d6277f5af634,missed
1785999201.65504,PreToolUse,300f6663-70de-4b8c-8529-d6277f5af634,missed
1785999225.545444,PreToolUse,300f6663-70de-4b8c-8529-d6277f5af634,missed
1785999472.582758,PreToolUse,300f6663-70de-4b8c-8529-d6277f5af634,missed
1785999499.869975,PreToolUse,300f6663-70de-4b8c-8529-d6277f5af634,missed
1785999500.950005,PreToolUse,300f6663-70de-4b8c-8529-d6277f5af634,missed
1785999609.430741,PreToolUse,300f6663-70de-4b8c-8529-d6277f5af634,missed
1785999648.208382,PreToolUse,300f6663-70de-4b8c-8529-d6277f5af634,missed
1785999661.878145,PreToolUse,300f6663-70de-4b8c-8529-d6277f5af634,missed
1785999692.452855,PreToolUse,300f6663-70de-4b8c-8529-d6277f5af634,missed
1785999749.096158,PreToolUse,300f6663-70de-4b8c-8529-d6277f5af634,missed
1785999781.588775,PreToolUse,300f6663-70de-4b8c-8529-d6277f5af634,missed
1786000087.6050282,PreToolUse,300f6663-70de-4b8c-8529-d6277f5af634,missed
1786000102.369257,PreToolUse,300f6663-70de-4b8c-8529-d6277f5af634,missed
1786000109.4633548,PreToolUse,300f6663-70de-4b8c-8529-d6277f5af634,missed
1786000363.9910579,PreToolUse,300f6663-70de-4b8c-8529-d6277f5af634,missed
1786000417.311137,PreToolUse,300f6663-70de-4b8c-8529-d6277f5af634,missed
1786000878.861484,PreToolUse,300f6663-70de-4b8c-8529-d6277f5af634,missed
1786000926.4925709,PreToolUse,300f6663-70de-4b8c-8529-d6277f5af634,missed
1786001452.0060532,PreToolUse,300f6663-70de-4b8c-8529-d6277f5af634,missed
1786001452.4029639,PreToolUse,300f6663-70de-4b8c-8529-d6277f5af634,missed
1786001466.510029,PreToolUse,300f6663-70de-4b8c-8529-d6277f5af634,missed
1786001606.7103958,PreToolUse,300f6663-70de-4b8c-8529-d6277f5af634,missed
1786001911.084356,PreToolUse,300f6663-70de-4b8c-8529-d6277f5af634,missed
1786002747.9982028,PreToolUse,300f6663-70de-4b8c-8529-d6277f5af634,missed
1786002889.19694,PreToolUse,300f6663-70de-4b8c-8529-d6277f5af634,missed
1786002981.162082,PreToolUse,300f6663-70de-4b8c-8529-d6277f5af634,missed
1786002998.120634,PreToolUse,300f6663-70de-4b8c-8529-d6277f5af634,missed
1786003269.693098,PreToolUse,300f6663-70de-4b8c-8529-d6277f5af634,missed
1786003288.6686568,PreToolUse,300f6663-70de-4b8c-8529-d6277f5af634,missed
1786004029.2840471,PreToolUse,300f6663-70de-4b8c-8529-d6277f5af634,missed
1786004233.3370008,PreToolUse,300f6663-70de-4b8c-8529-d6277f5af634,missed
1786004292.648233,PreToolUse,300f6663-70de-4b8c-8529-d6277f5af634,missed
1786004463.716583,PreToolUse,300f6663-70de-4b8c-8529-d6277f5af634,missed
1786004577.608524,PreToolUse,300f6663-70de-4b8c-8529-d6277f5af634,missed
1786004667.78237,PreToolUse,300f6663-70de-4b8c-8529-d6277f5af634,missed
1786004774.9923468,PreToolUse,300f6663-70de-4b8c-8529-d6277f5af634,missed
1786004813.373544,PreToolUse,300f6663-70de-4b8c-8529-d6277f5af634,missed
1786004827.212993,PreToolUse,300f6663-70de-4b8c-8529-d6277f5af634,missed
1786004839.2494779,PreToolUse,300f6663-70de-4b8c-8529-d6277f5af634,missed
1786004850.0985222,PreToolUse,300f6663-70de-4b8c-8529-d6277f5af634,missed
1786004853.907406,PreToolUse,300f6663-70de-4b8c-8529-d6277f5af634,missed
1786004856.1133912,PreToolUse,300f6663-70de-4b8c-8529-d6277f5af634,missed
1786004896.186559,PreToolUse,300f6663-70de-4b8c-8529-d6277f5af634,missed
1786004949.0899289,PreToolUse,300f6663-70de-4b8c-8529-d6277f5af634,missed
1786005058.329495,PreToolUse,300f6663-70de-4b8c-8529-d6277f5af634,missed
1786005446.795956,PreToolUse,300f6663-70de-4b8c-8529-d6277f5af634,missed
1786005908.842453,PreToolUse,300f6663-70de-4b8c-8529-d6277f5af634,missed
1786006271.956696,PreToolUse,300f6663-70de-4b8c-8529-d6277f5af634,missed
1786007333.1338382,PreToolUse,300f6663-70de-4b8c-8529-d6277f5af634,missed
1786007487.066439,PreToolUse,300f6663-70de-4b8c-8529-d6277f5af634,missed
1786007725.7990232,PreToolUse,300f6663-70de-4b8c-8529-d6277f5af634,missed
1786007738.2648268,PreToolUse,300f6663-70de-4b8c-8529-d6277f5af634,missed
1786007793.730946,PreToolUse,300f6663-70de-4b8c-8529-d6277f5af634,missed
1786007806.241778,PreToolUse,300f6663-70de-4b8c-8529-d6277f5af634,missed
1786007818.0234659,PreToolUse,300f6663-70de-4b8c-8529-d6277f5af634,missed
1786007844.588012,PreToolUse,300f6663-70de-4b8c-8529-d6277f5af634,missed
1786007882.073385,PreToolUse,300f6663-70de-4b8c-8529-d6277f5af634,missed
1786007899.437825,PreToolUse,300f6663-70de-4b8c-8529-d6277f5af634,missed
1786007913.3651981,PreToolUse,300f6663-70de-4b8c-8529-d6277f5af634,missed
1786007932.537536,PreToolUse,300f6663-70de-4b8c-8529-d6277f5af634,missed
1786007955.413526,PreToolUse,300f6663-70de-4b8c-8529-d6277f5af634,missed
1786008423.3884668,PreToolUse,300f6663-70de-4b8c-8529-d6277f5af634,missed
1786008475.001904,PreToolUse,300f6663-70de-4b8c-8529-d6277f5af634,missed
1786008590.268472,PreToolUse,300f6663-70de-4b8c-8529-d6277f5af634,missed
1786008617.41237,PreToolUse,300f6663-70de-4b8c-8529-d6277f5af634,missed
1786009074.914505,PreToolUse,300f6663-70de-4b8c-8529-d6277f5af634,missed
1786009101.027172,PreToolUse,300f6663-70de-4b8c-8529-d6277f5af634,missed
1786010432.463692,PreToolUse,300f6663-70de-4b8c-8529-d6277f5af634,missed
1786010627.397172,PreToolUse,300f6663-70de-4b8c-8529-d6277f5af634,missed
1786014241.335006,PreToolUse,300f6663-70de-4b8c-8529-d6277f5af634,missed
1786015011.233171,PreToolUse,300f6663-70de-4b8c-8529-d6277f5af634,missed
1786015459.449274,PreToolUse,300f6663-70de-4b8c-8529-d6277f5af634,missed
1786015461.0608242,PreToolUse,300f6663-70de-4b8c-8529-d6277f5af634,missed
1786015622.075158,PreToolUse,300f6663-70de-4b8c-8529-d6277f5af634,missed
1786015781.0631192,PreToolUse,300f6663-70de-4b8c-8529-d6277f5af634,missed
1786015804.443696,PreToolUse,300f6663-70de-4b8c-8529-d6277f5af634,missed
1786015872.309553,PreToolUse,300f6663-70de-4b8c-8529-d6277f5af634,missed
1786015913.830473,PreToolUse,300f6663-70de-4b8c-8529-d6277f5af634,missed
1786015926.296632,PreToolUse,300f6663-70de-4b8c-8529-d6277f5af634,missed
1786016016.459202,PreToolUse,300f6663-70de-4b8c-8529-d6277f5af634,missed
1786016678.69452,PreToolUse,300f6663-70de-4b8c-8529-d6277f5af634,missed
1786016680.883322,PreToolUse,300f6663-70de-4b8c-8529-d6277f5af634,missed
1786017029.0883598,PreToolUse,300f6663-70de-4b8c-8529-d6277f5af634,missed
1786017042.983743,PreToolUse,300f6663-70de-4b8c-8529-d6277f5af634,missed
1786017081.009344,PreToolUse,300f6663-70de-4b8c-8529-d6277f5af634,missed
1786017103.84043,PreToolUse,300f6663-70de-4b8c-8529-d6277f5af634,missed
1786017201.9678988,PreToolUse,300f6663-70de-4b8c-8529-d6277f5af634,missed
1786017227.2665899,PreToolUse,300f6663-70de-4b8c-8529-d6277f5af634,missed
1786017239.056878,PreToolUse,300f6663-70de-4b8c-8529-d6277f5af634,missed
1786017355.662556,PreToolUse,300f6663-70de-4b8c-8529-d6277f5af634,missed
1786017391.783781,PreToolUse,300f6663-70de-4b8c-8529-d6277f5af634,missed
1786017404.565252,PreToolUse,300f6663-70de-4b8c-8529-d6277f5af634,missed
1786017414.496417,PreToolUse,300f6663-70de-4b8c-8529-d6277f5af634,missed
1786017617.702086,PreToolUse,300f6663-70de-4b8c-8529-d6277f5af634,missed
1786018146.4232352,PreToolUse,300f6663-70de-4b8c-8529-d6277f5af634,missed
1786018177.705687,PreToolUse,300f6663-70de-4b8c-8529-d6277f5af634,missed
1786018182.0426931,PreToolUse,300f6663-70de-4b8c-8529-d6277f5af634,missed
1786021293.6785228,PreToolUse,300f6663-70de-4b8c-8529-d6277f5af634,missed
1786021445.3134239,PreToolUse,300f6663-70de-4b8c-8529-d6277f5af634,missed
1786021479.655935,PreToolUse,300f6663-70de-4b8c-8529-d6277f5af634,missed
1786021481.683496,PreToolUse,300f6663-70de-4b8c-8529-d6277f5af634,missed
1786021491.067932,PreToolUse,300f6663-70de-4b8c-8529-d6277f5af634,missed
1786021504.631592,PreToolUse,300f6663-70de-4b8c-8529-d6277f5af634,missed
1786021575.099555,PreToolUse,300f6663-70de-4b8c-8529-d6277f5af634,missed
1786021586.9824152,PreToolUse,300f6663-70de-4b8c-8529-d6277f5af634,missed
1786021607.489381,PreToolUse,300f6663-70de-4b8c-8529-d6277f5af634,missed
1786021636.414926,PreToolUse,300f6663-70de-4b8c-8529-d6277f5af634,missed
1786021664.961369,PreToolUse,300f6663-70de-4b8c-8529-d6277f5af634,missed
1786021751.275051,PreToolUse,300f6663-70de-4b8c-8529-d6277f5af634,missed
1786021764.807612,PreToolUse,300f6663-70de-4b8c-8529-d6277f5af634,missed
1786021775.445948,PreToolUse,300f6663-70de-4b8c-8529-d6277f5af634,missed
1786026364.6104882,PreToolUse,300f6663-70de-4b8c-8529-d6277f5af634,missed
1786026497.411998,PreToolUse,300f6663-70de-4b8c-8529-d6277f5af634,missed
1786026503.290726,PreToolUse,300f6663-70de-4b8c-8529-d6277f5af634,missed
1786026505.8317351,PreToolUse,300f6663-70de-4b8c-8529-d6277f5af634,missed
1786026510.3547761,PreToolUse,300f6663-70de-4b8c-8529-d6277f5af634,missed
1786026527.332829,PreToolUse,300f6663-70de-4b8c-8529-d6277f5af634,missed
1786026540.12979,PreToolUse,300f6663-70de-4b8c-8529-d6277f5af634,missed
1786026575.380646,PreToolUse,300f6663-70de-4b8c-8529-d6277f5af634,missed
2026-08-06T23:28:02Z,SessionEnd,300f6663-70de-4b8c-8529-d6277f5af634,matched
2026-08-06T06:11:43Z,Stop,300f6663-70de-4b8c-8529-d6277f5af634,matched
2026-08-06T06:52:26Z,Stop,300f6663-70de-4b8c-8529-d6277f5af634,matched
2026-08-06T10:04:17Z,Stop,300f6663-70de-4b8c-8529-d6277f5af634,matched
2026-08-06T11:17:25Z,Stop,300f6663-70de-4b8c-8529-d6277f5af634,matched
2026-08-06T13:09:53Z,Stop,300f6663-70de-4b8c-8529-d6277f5af634,matched
2026-08-06T14:29:56Z,Stop,300f6663-70de-4b8c-8529-d6277f5af634,matched
2026-08-06T11:25:51Z,Notification,3334b280-ea5a-46c6-85d0-f5c030c2c851,matched
2026-08-06T11:32:58Z,Notification,3334b280-ea5a-46c6-85d0-f5c030c2c851,matched
2026-08-06T11:42:32Z,Notification,3334b280-ea5a-46c6-85d0-f5c030c2c851,matched
2026-08-06T11:45:04Z,Notification,3334b280-ea5a-46c6-85d0-f5c030c2c851,matched
2026-08-06T12:14:18Z,Notification,3334b280-ea5a-46c6-85d0-f5c030c2c851,matched
2026-08-06T13:04:29Z,Notification,3334b280-ea5a-46c6-85d0-f5c030c2c851,matched
2026-08-06T13:06:39Z,Notification,3334b280-ea5a-46c6-85d0-f5c030c2c851,matched
2026-08-06T13:08:13Z,Notification,3334b280-ea5a-46c6-85d0-f5c030c2c851,matched
2026-08-06T14:29:50Z,Notification,3334b280-ea5a-46c6-85d0-f5c030c2c851,matched
2026-08-06T15:01:35Z,Notification,3334b280-ea5a-46c6-85d0-f5c030c2c851,matched
1786015411.827692,PreToolUse,3334b280-ea5a-46c6-85d0-f5c030c2c851,missed
1786015412.4726698,PreToolUse,3334b280-ea5a-46c6-85d0-f5c030c2c851,missed
1786015413.0862489,PreToolUse,3334b280-ea5a-46c6-85d0-f5c030c2c851,missed
1786015413.8525581,PreToolUse,3334b280-ea5a-46c6-85d0-f5c030c2c851,missed
1786015414.695284,PreToolUse,3334b280-ea5a-46c6-85d0-f5c030c2c851,missed
1786015470.381886,PreToolUse,3334b280-ea5a-46c6-85d0-f5c030c2c851,missed
1786015472.072057,PreToolUse,3334b280-ea5a-46c6-85d0-f5c030c2c851,missed
1786015474.644904,PreToolUse,3334b280-ea5a-46c6-85d0-f5c030c2c851,missed
1786015475.251062,PreToolUse,3334b280-ea5a-46c6-85d0-f5c030c2c851,missed
1786015519.199483,PreToolUse,3334b280-ea5a-46c6-85d0-f5c030c2c851,missed
1786015520.1197052,PreToolUse,3334b280-ea5a-46c6-85d0-f5c030c2c851,missed
1786015520.8585331,PreToolUse,3334b280-ea5a-46c6-85d0-f5c030c2c851,missed
1786015521.4720252,PreToolUse,3334b280-ea5a-46c6-85d0-f5c030c2c851,missed
1786015543.215178,PreToolUse,3334b280-ea5a-46c6-85d0-f5c030c2c851,missed
1786015545.200879,PreToolUse,3334b280-ea5a-46c6-85d0-f5c030c2c851,missed
1786015798.023962,PreToolUse,3334b280-ea5a-46c6-85d0-f5c030c2c851,missed
1786015827.066141,PreToolUse,3334b280-ea5a-46c6-85d0-f5c030c2c851,missed
1786015833.556366,PreToolUse,3334b280-ea5a-46c6-85d0-f5c030c2c851,missed
1786015846.671103,PreToolUse,3334b280-ea5a-46c6-85d0-f5c030c2c851,missed
1786015862.645217,PreToolUse,3334b280-ea5a-46c6-85d0-f5c030c2c851,missed
1786015864.509372,PreToolUse,3334b280-ea5a-46c6-85d0-f5c030c2c851,missed
1786015888.1671412,PreToolUse,3334b280-ea5a-46c6-85d0-f5c030c2c851,missed
1786015912.280416,PreToolUse,3334b280-ea5a-46c6-85d0-f5c030c2c851,missed
1786015937.704243,PreToolUse,3334b280-ea5a-46c6-85d0-f5c030c2c851,missed
1786015972.5043252,PreToolUse,3334b280-ea5a-46c6-85d0-f5c030c2c851,missed
1786016454.622918,PreToolUse,3334b280-ea5a-46c6-85d0-f5c030c2c851,missed
1786016461.605428,PreToolUse,3334b280-ea5a-46c6-85d0-f5c030c2c851,missed
1786016479.84784,PreToolUse,3334b280-ea5a-46c6-85d0-f5c030c2c851,missed
1786016499.695811,PreToolUse,3334b280-ea5a-46c6-85d0-f5c030c2c851,missed
1786016546.0101829,PreToolUse,3334b280-ea5a-46c6-85d0-f5c030c2c851,missed
1786016609.747301,PreToolUse,3334b280-ea5a-46c6-85d0-f5c030c2c851,missed
1786016625.3407822,PreToolUse,3334b280-ea5a-46c6-85d0-f5c030c2c851,missed
1786017036.6199129,PreToolUse,3334b280-ea5a-46c6-85d0-f5c030c2c851,missed
1786017047.315048,PreToolUse,3334b280-ea5a-46c6-85d0-f5c030c2c851,missed
1786017065.6550348,PreToolUse,3334b280-ea5a-46c6-85d0-f5c030c2c851,missed
1786017095.960591,PreToolUse,3334b280-ea5a-46c6-85d0-f5c030c2c851,missed
1786017125.3511,PreToolUse,3334b280-ea5a-46c6-85d0-f5c030c2c851,missed
1786017126.7000608,PreToolUse,3334b280-ea5a-46c6-85d0-f5c030c2c851,missed
1786017145.4839091,PreToolUse,3334b280-ea5a-46c6-85d0-f5c030c2c851,missed
1786017151.62973,PreToolUse,3334b280-ea5a-46c6-85d0-f5c030c2c851,missed
1786017189.784451,PreToolUse,3334b280-ea5a-46c6-85d0-f5c030c2c851,missed
1786017191.753359,PreToolUse,3334b280-ea5a-46c6-85d0-f5c030c2c851,missed
1786017212.408662,PreToolUse,3334b280-ea5a-46c6-85d0-f5c030c2c851,missed
1786017212.9912791,PreToolUse,3334b280-ea5a-46c6-85d0-f5c030c2c851,missed
1786017213.5292642,PreToolUse,3334b280-ea5a-46c6-85d0-f5c030c2c851,missed
1786017234.099652,PreToolUse,3334b280-ea5a-46c6-85d0-f5c030c2c851,missed
1786017234.6986072,PreToolUse,3334b280-ea5a-46c6-85d0-f5c030c2c851,missed
1786017235.557657,PreToolUse,3334b280-ea5a-46c6-85d0-f5c030c2c851,missed
1786017236.931458,PreToolUse,3334b280-ea5a-46c6-85d0-f5c030c2c851,missed
1786017274.713069,PreToolUse,3334b280-ea5a-46c6-85d0-f5c030c2c851,missed
1786017290.350368,PreToolUse,3334b280-ea5a-46c6-85d0-f5c030c2c851,missed
1786017290.983534,PreToolUse,3334b280-ea5a-46c6-85d0-f5c030c2c851,missed
1786017291.479861,PreToolUse,3334b280-ea5a-46c6-85d0-f5c030c2c851,missed
1786017337.2027268,PreToolUse,3334b280-ea5a-46c6-85d0-f5c030c2c851,missed
1786017339.757046,PreToolUse,3334b280-ea5a-46c6-85d0-f5c030c2c851,missed
1786017362.000965,PreToolUse,3334b280-ea5a-46c6-85d0-f5c030c2c851,missed
1786017362.5144708,PreToolUse,3334b280-ea5a-46c6-85d0-f5c030c2c851,missed
1786017363.814311,PreToolUse,3334b280-ea5a-46c6-85d0-f5c030c2c851,missed
1786017426.78612,PreToolUse,3334b280-ea5a-46c6-85d0-f5c030c2c851,missed
1786017578.506389,PreToolUse,3334b280-ea5a-46c6-85d0-f5c030c2c851,missed
1786017579.15186,PreToolUse,3334b280-ea5a-46c6-85d0-f5c030c2c851,missed
1786017579.762104,PreToolUse,3334b280-ea5a-46c6-85d0-f5c030c2c851,missed
1786017946.584309,PreToolUse,3334b280-ea5a-46c6-85d0-f5c030c2c851,missed
1786018155.214921,PreToolUse,3334b280-ea5a-46c6-85d0-f5c030c2c851,missed
1786018183.812945,PreToolUse,3334b280-ea5a-46c6-85d0-f5c030c2c851,missed
1786018418.856102,PreToolUse,3334b280-ea5a-46c6-85d0-f5c030c2c851,missed
1786018452.449616,PreToolUse,3334b280-ea5a-46c6-85d0-f5c030c2c851,missed
1786021315.430149,PreToolUse,3334b280-ea5a-46c6-85d0-f5c030c2c851,missed
1786021317.553069,PreToolUse,3334b280-ea5a-46c6-85d0-f5c030c2c851,missed
1786021326.838784,PreToolUse,3334b280-ea5a-46c6-85d0-f5c030c2c851,missed
1786021370.909898,PreToolUse,3334b280-ea5a-46c6-85d0-f5c030c2c851,missed
1786021401.916409,PreToolUse,3334b280-ea5a-46c6-85d0-f5c030c2c851,missed
1786021432.09676,PreToolUse,3334b280-ea5a-46c6-85d0-f5c030c2c851,missed
1786021452.547422,PreToolUse,3334b280-ea5a-46c6-85d0-f5c030c2c851,missed
1786021453.516187,PreToolUse,3334b280-ea5a-46c6-85d0-f5c030c2c851,missed
1786021454.328663,PreToolUse,3334b280-ea5a-46c6-85d0-f5c030c2c851,missed
1786021463.380939,PreToolUse,3334b280-ea5a-46c6-85d0-f5c030c2c851,missed
1786021561.485782,PreToolUse,3334b280-ea5a-46c6-85d0-f5c030c2c851,missed
1786021566.85297,PreToolUse,3334b280-ea5a-46c6-85d0-f5c030c2c851,missed
1786021571.970894,PreToolUse,3334b280-ea5a-46c6-85d0-f5c030c2c851,missed
1786021580.708489,PreToolUse,3334b280-ea5a-46c6-85d0-f5c030c2c851,missed
1786021592.788167,PreToolUse,3334b280-ea5a-46c6-85d0-f5c030c2c851,missed
1786021649.929754,PreToolUse,3334b280-ea5a-46c6-85d0-f5c030c2c851,missed
1786021650.833208,PreToolUse,3334b280-ea5a-46c6-85d0-f5c030c2c851,missed
1786021687.516405,PreToolUse,3334b280-ea5a-46c6-85d0-f5c030c2c851,missed
1786026433.915724,PreToolUse,3334b280-ea5a-46c6-85d0-f5c030c2c851,missed
1786026522.729054,PreToolUse,3334b280-ea5a-46c6-85d0-f5c030c2c851,missed
1786026584.447147,PreToolUse,3334b280-ea5a-46c6-85d0-f5c030c2c851,missed
1786028488.879462,PreToolUse,3334b280-ea5a-46c6-85d0-f5c030c2c851,missed
2026-08-06T11:22:38Z,SessionStart,3334b280-ea5a-46c6-85d0-f5c030c2c851,matched
2026-08-06T11:44:04Z,Stop,3334b280-ea5a-46c6-85d0-f5c030c2c851,matched
2026-08-06T11:50:06Z,Stop,3334b280-ea5a-46c6-85d0-f5c030c2c851,matched
2026-08-06T23:29:42Z,Notification,3aaad826-c51a-4bd3-8720-7f6b141130b4,matched
1786058920.281666,PreToolUse,3aaad826-c51a-4bd3-8720-7f6b141130b4,missed
1786058920.804957,PreToolUse,3aaad826-c51a-4bd3-8720-7f6b141130b4,missed
1786058921.236588,PreToolUse,3aaad826-c51a-4bd3-8720-7f6b141130b4,missed
1786058975.440265,PreToolUse,3aaad826-c51a-4bd3-8720-7f6b141130b4,missed
1786058976.751501,PreToolUse,3aaad826-c51a-4bd3-8720-7f6b141130b4,missed
2026-08-06T23:28:04Z,SessionStart,3aaad826-c51a-4bd3-8720-7f6b141130b4,matched
2026-08-06T11:27:48Z,Notification,57e866ea-8491-4355-b0e1-e722d43c34a0,matched
2026-08-06T11:30:38Z,Notification,57e866ea-8491-4355-b0e1-e722d43c34a0,matched
2026-08-06T11:33:16Z,Notification,57e866ea-8491-4355-b0e1-e722d43c34a0,matched
2026-08-06T11:51:52Z,Notification,57e866ea-8491-4355-b0e1-e722d43c34a0,matched
2026-08-06T11:54:16Z,Notification,57e866ea-8491-4355-b0e1-e722d43c34a0,matched
2026-08-06T12:02:36Z,Notification,57e866ea-8491-4355-b0e1-e722d43c34a0,matched
2026-08-06T12:09:43Z,Notification,57e866ea-8491-4355-b0e1-e722d43c34a0,matched
2026-08-06T13:03:28Z,Notification,57e866ea-8491-4355-b0e1-e722d43c34a0,matched
2026-08-06T14:29:31Z,Notification,57e866ea-8491-4355-b0e1-e722d43c34a0,matched
2026-08-06T15:01:27Z,Notification,57e866ea-8491-4355-b0e1-e722d43c34a0,matched
2026-08-06T23:27:51Z,Notification,57e866ea-8491-4355-b0e1-e722d43c34a0,matched
1786015350.629803,PreToolUse,57e866ea-8491-4355-b0e1-e722d43c34a0,missed
1786015351.257459,PreToolUse,57e866ea-8491-4355-b0e1-e722d43c34a0,missed
1786015352.0896719,PreToolUse,57e866ea-8491-4355-b0e1-e722d43c34a0,missed
1786015352.799389,PreToolUse,57e866ea-8491-4355-b0e1-e722d43c34a0,missed
1786015353.354347,PreToolUse,57e866ea-8491-4355-b0e1-e722d43c34a0,missed
1786015382.372122,PreToolUse,57e866ea-8491-4355-b0e1-e722d43c34a0,missed
1786015416.423409,PreToolUse,57e866ea-8491-4355-b0e1-e722d43c34a0,missed
1786015454.891903,PreToolUse,57e866ea-8491-4355-b0e1-e722d43c34a0,missed
1786015544.0342941,PreToolUse,57e866ea-8491-4355-b0e1-e722d43c34a0,missed
1786015568.091244,PreToolUse,57e866ea-8491-4355-b0e1-e722d43c34a0,missed
1786015585.911645,PreToolUse,57e866ea-8491-4355-b0e1-e722d43c34a0,missed
1786015832.5627468,PreToolUse,57e866ea-8491-4355-b0e1-e722d43c34a0,missed
1786015870.429114,PreToolUse,57e866ea-8491-4355-b0e1-e722d43c34a0,missed
1786015924.531162,PreToolUse,57e866ea-8491-4355-b0e1-e722d43c34a0,missed
1786017001.696606,PreToolUse,57e866ea-8491-4355-b0e1-e722d43c34a0,missed
1786017250.228448,PreToolUse,57e866ea-8491-4355-b0e1-e722d43c34a0,missed
1786017367.868705,PreToolUse,57e866ea-8491-4355-b0e1-e722d43c34a0,missed
1786017381.240257,PreToolUse,57e866ea-8491-4355-b0e1-e722d43c34a0,missed
1786017382.616704,PreToolUse,57e866ea-8491-4355-b0e1-e722d43c34a0,missed
1786017383.916587,PreToolUse,57e866ea-8491-4355-b0e1-e722d43c34a0,missed
1786017385.696052,PreToolUse,57e866ea-8491-4355-b0e1-e722d43c34a0,missed
1786017386.950387,PreToolUse,57e866ea-8491-4355-b0e1-e722d43c34a0,missed
1786017388.178209,PreToolUse,57e866ea-8491-4355-b0e1-e722d43c34a0,missed
1786017392.249909,PreToolUse,57e866ea-8491-4355-b0e1-e722d43c34a0,missed
1786017393.184997,PreToolUse,57e866ea-8491-4355-b0e1-e722d43c34a0,missed
1786017403.1102238,PreToolUse,57e866ea-8491-4355-b0e1-e722d43c34a0,missed
1786017411.2853298,PreToolUse,57e866ea-8491-4355-b0e1-e722d43c34a0,missed
1786017423.339833,PreToolUse,57e866ea-8491-4355-b0e1-e722d43c34a0,missed
1786017595.332531,PreToolUse,57e866ea-8491-4355-b0e1-e722d43c34a0,missed
1786017673.358967,PreToolUse,57e866ea-8491-4355-b0e1-e722d43c34a0,missed
1786017673.749204,PreToolUse,57e866ea-8491-4355-b0e1-e722d43c34a0,missed
1786017708.931458,PreToolUse,57e866ea-8491-4355-b0e1-e722d43c34a0,missed
1786017750.595936,PreToolUse,57e866ea-8491-4355-b0e1-e722d43c34a0,missed
1786018055.300992,PreToolUse,57e866ea-8491-4355-b0e1-e722d43c34a0,missed
1786018085.064053,PreToolUse,57e866ea-8491-4355-b0e1-e722d43c34a0,missed
1786018091.6656342,PreToolUse,57e866ea-8491-4355-b0e1-e722d43c34a0,missed
1786018104.513388,PreToolUse,57e866ea-8491-4355-b0e1-e722d43c34a0,missed
1786018176.8863528,PreToolUse,57e866ea-8491-4355-b0e1-e722d43c34a0,missed
1786021309.856365,PreToolUse,57e866ea-8491-4355-b0e1-e722d43c34a0,missed
1786021376.7631161,PreToolUse,57e866ea-8491-4355-b0e1-e722d43c34a0,missed
1786021402.657085,PreToolUse,57e866ea-8491-4355-b0e1-e722d43c34a0,missed
1786021600.2326632,PreToolUse,57e866ea-8491-4355-b0e1-e722d43c34a0,missed
1786021627.627968,PreToolUse,57e866ea-8491-4355-b0e1-e722d43c34a0,missed
1786021643.846712,PreToolUse,57e866ea-8491-4355-b0e1-e722d43c34a0,missed
1786021654.227319,PreToolUse,57e866ea-8491-4355-b0e1-e722d43c34a0,missed
1786021655.300821,PreToolUse,57e866ea-8491-4355-b0e1-e722d43c34a0,missed
1786021655.956179,PreToolUse,57e866ea-8491-4355-b0e1-e722d43c34a0,missed
1786021659.330307,PreToolUse,57e866ea-8491-4355-b0e1-e722d43c34a0,missed
1786022240.737236,PreToolUse,57e866ea-8491-4355-b0e1-e722d43c34a0,missed
1786022266.231186,PreToolUse,57e866ea-8491-4355-b0e1-e722d43c34a0,missed
1786026510.90826,PreToolUse,57e866ea-8491-4355-b0e1-e722d43c34a0,missed
1786026565.540225,PreToolUse,57e866ea-8491-4355-b0e1-e722d43c34a0,missed
1786028481.189802,PreToolUse,57e866ea-8491-4355-b0e1-e722d43c34a0,missed
1786058865.2831502,PreToolUse,57e866ea-8491-4355-b0e1-e722d43c34a0,missed
2026-08-06T11:21:35Z,SessionStart,57e866ea-8491-4355-b0e1-e722d43c34a0,matched
2026-08-06T11:26:48Z,Stop,57e866ea-8491-4355-b0e1-e722d43c34a0,matched
2026-08-06T11:32:16Z,Stop,57e866ea-8491-4355-b0e1-e722d43c34a0,matched
2026-08-06T11:50:52Z,Stop,57e866ea-8491-4355-b0e1-e722d43c34a0,matched
2026-08-06T11:53:17Z,Stop,57e866ea-8491-4355-b0e1-e722d43c34a0,matched
2026-08-06T13:49:52Z,Stop,57e866ea-8491-4355-b0e1-e722d43c34a0,matched
2026-08-06T13:16:14Z,StopFailure,57e866ea-8491-4355-b0e1-e722d43c34a0,matched
2026-08-06T02:06:14Z,Notification,745519ff-217b-434c-8687-adf0d7a7e63c,matched
2026-08-06T02:11:03Z,Notification,745519ff-217b-434c-8687-adf0d7a7e63c,matched
2026-08-06T02:14:17Z,Notification,745519ff-217b-434c-8687-adf0d7a7e63c,matched
2026-08-06T02:18:50Z,Notification,745519ff-217b-434c-8687-adf0d7a7e63c,matched
2026-08-06T02:34:07Z,Notification,745519ff-217b-434c-8687-adf0d7a7e63c,matched
2026-08-06T03:09:45Z,Notification,745519ff-217b-434c-8687-adf0d7a7e63c,matched
2026-08-06T03:10:11Z,Notification,745519ff-217b-434c-8687-adf0d7a7e63c,matched
2026-08-06T03:15:52Z,Notification,745519ff-217b-434c-8687-adf0d7a7e63c,matched
2026-08-06T03:28:35Z,Notification,745519ff-217b-434c-8687-adf0d7a7e63c,matched
2026-08-06T03:35:52Z,Notification,745519ff-217b-434c-8687-adf0d7a7e63c,matched
2026-08-06T03:59:14Z,Notification,745519ff-217b-434c-8687-adf0d7a7e63c,matched
2026-08-06T04:21:45Z,Notification,745519ff-217b-434c-8687-adf0d7a7e63c,matched
2026-08-06T05:18:35Z,Notification,745519ff-217b-434c-8687-adf0d7a7e63c,matched
2026-08-06T06:12:40Z,Notification,745519ff-217b-434c-8687-adf0d7a7e63c,matched
2026-08-06T06:17:25Z,Notification,745519ff-217b-434c-8687-adf0d7a7e63c,matched
2026-08-06T06:55:09Z,Notification,745519ff-217b-434c-8687-adf0d7a7e63c,matched
2026-08-06T06:56:05Z,Notification,745519ff-217b-434c-8687-adf0d7a7e63c,matched
1785981899.1014998,PreToolUse,745519ff-217b-434c-8687-adf0d7a7e63c,missed
1785981899.649659,PreToolUse,745519ff-217b-434c-8687-adf0d7a7e63c,missed
1785981900.073316,PreToolUse,745519ff-217b-434c-8687-adf0d7a7e63c,missed
1785981900.6887271,PreToolUse,745519ff-217b-434c-8687-adf0d7a7e63c,missed
1785981915.793855,PreToolUse,745519ff-217b-434c-8687-adf0d7a7e63c,missed
1785981927.1636102,PreToolUse,745519ff-217b-434c-8687-adf0d7a7e63c,missed
1785981968.054933,PreToolUse,745519ff-217b-434c-8687-adf0d7a7e63c,missed
1785982060.7190468,PreToolUse,745519ff-217b-434c-8687-adf0d7a7e63c,missed
1785982088.3683488,PreToolUse,745519ff-217b-434c-8687-adf0d7a7e63c,missed
1785982098.007711,PreToolUse,745519ff-217b-434c-8687-adf0d7a7e63c,missed
1785982118.404334,PreToolUse,745519ff-217b-434c-8687-adf0d7a7e63c,missed
1785982119.460059,PreToolUse,745519ff-217b-434c-8687-adf0d7a7e63c,missed
1785982152.120686,PreToolUse,745519ff-217b-434c-8687-adf0d7a7e63c,missed
1785982164.449206,PreToolUse,745519ff-217b-434c-8687-adf0d7a7e63c,missed
1785982182.7536361,PreToolUse,745519ff-217b-434c-8687-adf0d7a7e63c,missed
1785982191.432488,PreToolUse,745519ff-217b-434c-8687-adf0d7a7e63c,missed
1785982191.81918,PreToolUse,745519ff-217b-434c-8687-adf0d7a7e63c,missed
1785982383.1034398,PreToolUse,745519ff-217b-434c-8687-adf0d7a7e63c,missed
1785982384.6539588,PreToolUse,745519ff-217b-434c-8687-adf0d7a7e63c,missed
1785982385.9339142,PreToolUse,745519ff-217b-434c-8687-adf0d7a7e63c,missed
1785982387.4324212,PreToolUse,745519ff-217b-434c-8687-adf0d7a7e63c,missed
1785982395.0479732,PreToolUse,745519ff-217b-434c-8687-adf0d7a7e63c,missed
1785982451.37662,PreToolUse,745519ff-217b-434c-8687-adf0d7a7e63c,missed
1785982639.221717,PreToolUse,745519ff-217b-434c-8687-adf0d7a7e63c,missed
1785982642.911781,PreToolUse,745519ff-217b-434c-8687-adf0d7a7e63c,missed
1785982651.033581,PreToolUse,745519ff-217b-434c-8687-adf0d7a7e63c,missed
1785982655.043711,PreToolUse,745519ff-217b-434c-8687-adf0d7a7e63c,missed
1785982724.12516,PreToolUse,745519ff-217b-434c-8687-adf0d7a7e63c,missed
1785982814.6770198,PreToolUse,745519ff-217b-434c-8687-adf0d7a7e63c,missed
1785982823.159221,PreToolUse,745519ff-217b-434c-8687-adf0d7a7e63c,missed
1785982831.276953,PreToolUse,745519ff-217b-434c-8687-adf0d7a7e63c,missed
1785982840.686601,PreToolUse,745519ff-217b-434c-8687-adf0d7a7e63c,missed
1785982846.180963,PreToolUse,745519ff-217b-434c-8687-adf0d7a7e63c,missed
1785982858.155394,PreToolUse,745519ff-217b-434c-8687-adf0d7a7e63c,missed
1785982864.859637,PreToolUse,745519ff-217b-434c-8687-adf0d7a7e63c,missed
1785982866.4390411,PreToolUse,745519ff-217b-434c-8687-adf0d7a7e63c,missed
1785982873.65084,PreToolUse,745519ff-217b-434c-8687-adf0d7a7e63c,missed
1785982886.8056,PreToolUse,745519ff-217b-434c-8687-adf0d7a7e63c,missed
1785982899.9927318,PreToolUse,745519ff-217b-434c-8687-adf0d7a7e63c,missed
1785982924.3080661,PreToolUse,745519ff-217b-434c-8687-adf0d7a7e63c,missed
1785982948.45331,PreToolUse,745519ff-217b-434c-8687-adf0d7a7e63c,missed
1785982966.942789,PreToolUse,745519ff-217b-434c-8687-adf0d7a7e63c,missed
1785982980.473521,PreToolUse,745519ff-217b-434c-8687-adf0d7a7e63c,missed
1785982986.7324429,PreToolUse,745519ff-217b-434c-8687-adf0d7a7e63c,missed
1785983030.919965,PreToolUse,745519ff-217b-434c-8687-adf0d7a7e63c,missed
1785983140.219954,PreToolUse,745519ff-217b-434c-8687-adf0d7a7e63c,missed
1785983151.8380082,PreToolUse,745519ff-217b-434c-8687-adf0d7a7e63c,missed
1785983205.571618,PreToolUse,745519ff-217b-434c-8687-adf0d7a7e63c,missed
1785983213.748534,PreToolUse,745519ff-217b-434c-8687-adf0d7a7e63c,missed
1785983339.713523,PreToolUse,745519ff-217b-434c-8687-adf0d7a7e63c,missed
1785983547.959324,PreToolUse,745519ff-217b-434c-8687-adf0d7a7e63c,missed
1785983588.155118,PreToolUse,745519ff-217b-434c-8687-adf0d7a7e63c,missed
1785983600.0485492,PreToolUse,745519ff-217b-434c-8687-adf0d7a7e63c,missed
1785983641.1707032,PreToolUse,745519ff-217b-434c-8687-adf0d7a7e63c,missed
1785985779.137224,PreToolUse,745519ff-217b-434c-8687-adf0d7a7e63c,missed
1785985805.345928,PreToolUse,745519ff-217b-434c-8687-adf0d7a7e63c,missed
1785986026.198077,PreToolUse,745519ff-217b-434c-8687-adf0d7a7e63c,missed
1785986071.970167,PreToolUse,745519ff-217b-434c-8687-adf0d7a7e63c,missed
1785986088.4998841,PreToolUse,745519ff-217b-434c-8687-adf0d7a7e63c,missed
1785986088.962052,PreToolUse,745519ff-217b-434c-8687-adf0d7a7e63c,missed
1785986098.713464,PreToolUse,745519ff-217b-434c-8687-adf0d7a7e63c,missed
1785986100.688271,PreToolUse,745519ff-217b-434c-8687-adf0d7a7e63c,missed
1785986145.9568892,PreToolUse,745519ff-217b-434c-8687-adf0d7a7e63c,missed
1785986686.032175,PreToolUse,745519ff-217b-434c-8687-adf0d7a7e63c,missed
1785986792.66435,PreToolUse,745519ff-217b-434c-8687-adf0d7a7e63c,missed
1785986793.28763,PreToolUse,745519ff-217b-434c-8687-adf0d7a7e63c,missed
1785986845.113961,PreToolUse,745519ff-217b-434c-8687-adf0d7a7e63c,missed
1785987183.422532,PreToolUse,745519ff-217b-434c-8687-adf0d7a7e63c,missed
1785988582.647295,PreToolUse,745519ff-217b-434c-8687-adf0d7a7e63c,missed
1785988706.315109,PreToolUse,745519ff-217b-434c-8687-adf0d7a7e63c,missed
1785988723.832757,PreToolUse,745519ff-217b-434c-8687-adf0d7a7e63c,missed
1785988747.833834,PreToolUse,745519ff-217b-434c-8687-adf0d7a7e63c,missed
1785990099.0312052,PreToolUse,745519ff-217b-434c-8687-adf0d7a7e63c,missed
1785993508.876561,PreToolUse,745519ff-217b-434c-8687-adf0d7a7e63c,missed
1785996728.9234078,PreToolUse,745519ff-217b-434c-8687-adf0d7a7e63c,missed
1785996741.554265,PreToolUse,745519ff-217b-434c-8687-adf0d7a7e63c,missed
1785996753.940133,PreToolUse,745519ff-217b-434c-8687-adf0d7a7e63c,missed
1785996785.852692,PreToolUse,745519ff-217b-434c-8687-adf0d7a7e63c,missed
1785996800.160361,PreToolUse,745519ff-217b-434c-8687-adf0d7a7e63c,missed
1785996809.241966,PreToolUse,745519ff-217b-434c-8687-adf0d7a7e63c,missed
1785996842.767585,PreToolUse,745519ff-217b-434c-8687-adf0d7a7e63c,missed
1785996853.939796,PreToolUse,745519ff-217b-434c-8687-adf0d7a7e63c,missed
1785996872.469534,PreToolUse,745519ff-217b-434c-8687-adf0d7a7e63c,missed
1785996883.297824,PreToolUse,745519ff-217b-434c-8687-adf0d7a7e63c,missed
1785996926.65411,PreToolUse,745519ff-217b-434c-8687-adf0d7a7e63c,missed
1785996970.7387578,PreToolUse,745519ff-217b-434c-8687-adf0d7a7e63c,missed
1785998451.8875709,PreToolUse,745519ff-217b-434c-8687-adf0d7a7e63c,missed
1785998470.6733131,PreToolUse,745519ff-217b-434c-8687-adf0d7a7e63c,missed
1785998485.348105,PreToolUse,745519ff-217b-434c-8687-adf0d7a7e63c,missed
1785998560.54392,PreToolUse,745519ff-217b-434c-8687-adf0d7a7e63c,missed
1785998575.8382819,PreToolUse,745519ff-217b-434c-8687-adf0d7a7e63c,missed
1785998586.543058,PreToolUse,745519ff-217b-434c-8687-adf0d7a7e63c,missed
1785999084.661914,PreToolUse,745519ff-217b-434c-8687-adf0d7a7e63c,missed
1785999094.093007,PreToolUse,745519ff-217b-434c-8687-adf0d7a7e63c,missed
1785999177.7555242,PreToolUse,745519ff-217b-434c-8687-adf0d7a7e63c,missed
1785999190.433959,PreToolUse,745519ff-217b-434c-8687-adf0d7a7e63c,missed
1785999207.481365,PreToolUse,745519ff-217b-434c-8687-adf0d7a7e63c,missed
1785999215.2615502,PreToolUse,745519ff-217b-434c-8687-adf0d7a7e63c,missed
1785999232.770716,PreToolUse,745519ff-217b-434c-8687-adf0d7a7e63c,missed
1785999238.218822,PreToolUse,745519ff-217b-434c-8687-adf0d7a7e63c,missed
1785999359.297533,PreToolUse,745519ff-217b-434c-8687-adf0d7a7e63c,missed
1785999420.407215,PreToolUse,745519ff-217b-434c-8687-adf0d7a7e63c,missed
1785999435.9024909,PreToolUse,745519ff-217b-434c-8687-adf0d7a7e63c,missed
2026-08-06T06:57:35Z,SessionEnd,745519ff-217b-434c-8687-adf0d7a7e63c,matched
2026-08-06T02:10:03Z,Stop,745519ff-217b-434c-8687-adf0d7a7e63c,matched
2026-08-06T02:24:05Z,Stop,745519ff-217b-434c-8687-adf0d7a7e63c,matched
2026-08-06T02:25:12Z,Stop,745519ff-217b-434c-8687-adf0d7a7e63c,matched
2026-08-06T02:26:07Z,Stop,745519ff-217b-434c-8687-adf0d7a7e63c,matched
2026-08-06T02:29:23Z,Stop,745519ff-217b-434c-8687-adf0d7a7e63c,matched
2026-08-06T03:27:35Z,Stop,745519ff-217b-434c-8687-adf0d7a7e63c,matched
2026-08-06T03:34:51Z,Stop,745519ff-217b-434c-8687-adf0d7a7e63c,matched
2026-08-06T06:15:00Z,Stop,745519ff-217b-434c-8687-adf0d7a7e63c,matched
2026-08-06T06:16:24Z,Stop,745519ff-217b-434c-8687-adf0d7a7e63c,matched
2026-08-06T06:50:27Z,Stop,745519ff-217b-434c-8687-adf0d7a7e63c,matched
2026-08-06T06:54:09Z,Stop,745519ff-217b-434c-8687-adf0d7a7e63c,matched
2026-08-06T06:57:28Z,Stop,745519ff-217b-434c-8687-adf0d7a7e63c,matched
2026-08-06T07:31:34Z,Notification,7e2e4776-522e-47ae-abe9-abb2b21159b6,matched
2026-08-06T07:33:46Z,Notification,7e2e4776-522e-47ae-abe9-abb2b21159b6,matched
2026-08-06T07:55:03Z,Notification,7e2e4776-522e-47ae-abe9-abb2b21159b6,matched
2026-08-06T07:57:57Z,Notification,7e2e4776-522e-47ae-abe9-abb2b21159b6,matched
2026-08-06T08:11:34Z,Notification,7e2e4776-522e-47ae-abe9-abb2b21159b6,matched
2026-08-06T08:13:48Z,Notification,7e2e4776-522e-47ae-abe9-abb2b21159b6,matched
2026-08-06T08:19:02Z,Notification,7e2e4776-522e-47ae-abe9-abb2b21159b6,matched
2026-08-06T08:21:01Z,Notification,7e2e4776-522e-47ae-abe9-abb2b21159b6,matched
2026-08-06T08:26:52Z,Notification,7e2e4776-522e-47ae-abe9-abb2b21159b6,matched
2026-08-06T08:28:49Z,Notification,7e2e4776-522e-47ae-abe9-abb2b21159b6,matched
2026-08-06T08:34:32Z,Notification,7e2e4776-522e-47ae-abe9-abb2b21159b6,matched
2026-08-06T08:40:19Z,Notification,7e2e4776-522e-47ae-abe9-abb2b21159b6,matched
2026-08-06T08:53:55Z,Notification,7e2e4776-522e-47ae-abe9-abb2b21159b6,matched
2026-08-06T09:19:39Z,Notification,7e2e4776-522e-47ae-abe9-abb2b21159b6,matched
2026-08-06T09:28:32Z,Notification,7e2e4776-522e-47ae-abe9-abb2b21159b6,matched
2026-08-06T09:39:34Z,Notification,7e2e4776-522e-47ae-abe9-abb2b21159b6,matched
2026-08-06T09:45:52Z,Notification,7e2e4776-522e-47ae-abe9-abb2b21159b6,matched
2026-08-06T09:50:17Z,Notification,7e2e4776-522e-47ae-abe9-abb2b21159b6,matched
2026-08-06T09:52:29Z,Notification,7e2e4776-522e-47ae-abe9-abb2b21159b6,matched
2026-08-06T09:57:14Z,Notification,7e2e4776-522e-47ae-abe9-abb2b21159b6,matched
2026-08-06T10:10:19Z,Notification,7e2e4776-522e-47ae-abe9-abb2b21159b6,matched
2026-08-06T11:03:58Z,Notification,7e2e4776-522e-47ae-abe9-abb2b21159b6,matched
2026-08-06T11:13:43Z,Notification,7e2e4776-522e-47ae-abe9-abb2b21159b6,matched
2026-08-06T11:21:22Z,Notification,7e2e4776-522e-47ae-abe9-abb2b21159b6,matched
1786001395.706736,PreToolUse,7e2e4776-522e-47ae-abe9-abb2b21159b6,missed
1786001396.299107,PreToolUse,7e2e4776-522e-47ae-abe9-abb2b21159b6,missed
1786001397.1488872,PreToolUse,7e2e4776-522e-47ae-abe9-abb2b21159b6,missed
1786001397.853036,PreToolUse,7e2e4776-522e-47ae-abe9-abb2b21159b6,missed
1786001398.605234,PreToolUse,7e2e4776-522e-47ae-abe9-abb2b21159b6,missed
1786001399.7829518,PreToolUse,7e2e4776-522e-47ae-abe9-abb2b21159b6,missed
1786001434.97832,PreToolUse,7e2e4776-522e-47ae-abe9-abb2b21159b6,missed
1786001436.4776,PreToolUse,7e2e4776-522e-47ae-abe9-abb2b21159b6,missed
1786001444.340445,PreToolUse,7e2e4776-522e-47ae-abe9-abb2b21159b6,missed
1786001467.253392,PreToolUse,7e2e4776-522e-47ae-abe9-abb2b21159b6,missed
1786001488.495612,PreToolUse,7e2e4776-522e-47ae-abe9-abb2b21159b6,missed
1786002745.66367,PreToolUse,7e2e4776-522e-47ae-abe9-abb2b21159b6,missed
1786002793.5422132,PreToolUse,7e2e4776-522e-47ae-abe9-abb2b21159b6,missed
1786002795.81849,PreToolUse,7e2e4776-522e-47ae-abe9-abb2b21159b6,missed
1786002798.984399,PreToolUse,7e2e4776-522e-47ae-abe9-abb2b21159b6,missed
1786002800.532078,PreToolUse,7e2e4776-522e-47ae-abe9-abb2b21159b6,missed
1786002802.356077,PreToolUse,7e2e4776-522e-47ae-abe9-abb2b21159b6,missed
1786002803.78272,PreToolUse,7e2e4776-522e-47ae-abe9-abb2b21159b6,missed
1786002821.907742,PreToolUse,7e2e4776-522e-47ae-abe9-abb2b21159b6,missed
1786002824.082303,PreToolUse,7e2e4776-522e-47ae-abe9-abb2b21159b6,missed
1786002826.2569358,PreToolUse,7e2e4776-522e-47ae-abe9-abb2b21159b6,missed
1786002847.796298,PreToolUse,7e2e4776-522e-47ae-abe9-abb2b21159b6,missed
1786002857.421817,PreToolUse,7e2e4776-522e-47ae-abe9-abb2b21159b6,missed
1786002897.734944,PreToolUse,7e2e4776-522e-47ae-abe9-abb2b21159b6,missed
1786002909.4585469,PreToolUse,7e2e4776-522e-47ae-abe9-abb2b21159b6,missed
1786002954.236264,PreToolUse,7e2e4776-522e-47ae-abe9-abb2b21159b6,missed
1786003059.539103,PreToolUse,7e2e4776-522e-47ae-abe9-abb2b21159b6,missed
1786003060.13518,PreToolUse,7e2e4776-522e-47ae-abe9-abb2b21159b6,missed
1786003071.729019,PreToolUse,7e2e4776-522e-47ae-abe9-abb2b21159b6,missed
1786003888.044632,PreToolUse,7e2e4776-522e-47ae-abe9-abb2b21159b6,missed
1786004021.812205,PreToolUse,7e2e4776-522e-47ae-abe9-abb2b21159b6,missed
1786004277.202035,PreToolUse,7e2e4776-522e-47ae-abe9-abb2b21159b6,missed
1786004294.4114292,PreToolUse,7e2e4776-522e-47ae-abe9-abb2b21159b6,missed
1786004307.516526,PreToolUse,7e2e4776-522e-47ae-abe9-abb2b21159b6,missed
1786004311.395833,PreToolUse,7e2e4776-522e-47ae-abe9-abb2b21159b6,missed
1786004313.180592,PreToolUse,7e2e4776-522e-47ae-abe9-abb2b21159b6,missed
1786004315.0144598,PreToolUse,7e2e4776-522e-47ae-abe9-abb2b21159b6,missed
1786004321.5075681,PreToolUse,7e2e4776-522e-47ae-abe9-abb2b21159b6,missed
1786004322.026201,PreToolUse,7e2e4776-522e-47ae-abe9-abb2b21159b6,missed
1786004322.491829,PreToolUse,7e2e4776-522e-47ae-abe9-abb2b21159b6,missed
1786004328.2602031,PreToolUse,7e2e4776-522e-47ae-abe9-abb2b21159b6,missed
1786004329.028265,PreToolUse,7e2e4776-522e-47ae-abe9-abb2b21159b6,missed
1786004330.8521621,PreToolUse,7e2e4776-522e-47ae-abe9-abb2b21159b6,missed
1786004336.75718,PreToolUse,7e2e4776-522e-47ae-abe9-abb2b21159b6,missed
1786004385.647079,PreToolUse,7e2e4776-522e-47ae-abe9-abb2b21159b6,missed
1786004388.0892181,PreToolUse,7e2e4776-522e-47ae-abe9-abb2b21159b6,missed
1786004390.5807822,PreToolUse,7e2e4776-522e-47ae-abe9-abb2b21159b6,missed
1786004392.708127,PreToolUse,7e2e4776-522e-47ae-abe9-abb2b21159b6,missed
1786004399.696666,PreToolUse,7e2e4776-522e-47ae-abe9-abb2b21159b6,missed
1786004406.290258,PreToolUse,7e2e4776-522e-47ae-abe9-abb2b21159b6,missed
1786004417.4181209,PreToolUse,7e2e4776-522e-47ae-abe9-abb2b21159b6,missed
1786004418.752048,PreToolUse,7e2e4776-522e-47ae-abe9-abb2b21159b6,missed
1786004455.272459,PreToolUse,7e2e4776-522e-47ae-abe9-abb2b21159b6,missed
1786004509.850421,PreToolUse,7e2e4776-522e-47ae-abe9-abb2b21159b6,missed
1786004530.3787782,PreToolUse,7e2e4776-522e-47ae-abe9-abb2b21159b6,missed
1786004530.762062,PreToolUse,7e2e4776-522e-47ae-abe9-abb2b21159b6,missed
1786004546.2496152,PreToolUse,7e2e4776-522e-47ae-abe9-abb2b21159b6,missed
1786004608.209933,PreToolUse,7e2e4776-522e-47ae-abe9-abb2b21159b6,missed
1786004620.274962,PreToolUse,7e2e4776-522e-47ae-abe9-abb2b21159b6,missed
1786004620.702715,PreToolUse,7e2e4776-522e-47ae-abe9-abb2b21159b6,missed
1786004620.98968,PreToolUse,7e2e4776-522e-47ae-abe9-abb2b21159b6,missed
1786004649.7484732,PreToolUse,7e2e4776-522e-47ae-abe9-abb2b21159b6,missed
1786004678.590515,PreToolUse,7e2e4776-522e-47ae-abe9-abb2b21159b6,missed
1786004713.5101519,PreToolUse,7e2e4776-522e-47ae-abe9-abb2b21159b6,missed
1786004734.291206,PreToolUse,7e2e4776-522e-47ae-abe9-abb2b21159b6,missed
1786004749.395413,PreToolUse,7e2e4776-522e-47ae-abe9-abb2b21159b6,missed
1786004778.3709671,PreToolUse,7e2e4776-522e-47ae-abe9-abb2b21159b6,missed
1786004783.378155,PreToolUse,7e2e4776-522e-47ae-abe9-abb2b21159b6,missed
1786004806.609429,PreToolUse,7e2e4776-522e-47ae-abe9-abb2b21159b6,missed
1786004863.539246,PreToolUse,7e2e4776-522e-47ae-abe9-abb2b21159b6,missed
1786004875.410302,PreToolUse,7e2e4776-522e-47ae-abe9-abb2b21159b6,missed
1786004908.158158,PreToolUse,7e2e4776-522e-47ae-abe9-abb2b21159b6,missed
1786004923.031287,PreToolUse,7e2e4776-522e-47ae-abe9-abb2b21159b6,missed
1786004980.832261,PreToolUse,7e2e4776-522e-47ae-abe9-abb2b21159b6,missed
1786004999.307209,PreToolUse,7e2e4776-522e-47ae-abe9-abb2b21159b6,missed
1786005018.0882812,PreToolUse,7e2e4776-522e-47ae-abe9-abb2b21159b6,missed
1786005047.1633332,PreToolUse,7e2e4776-522e-47ae-abe9-abb2b21159b6,missed
1786005074.9622972,PreToolUse,7e2e4776-522e-47ae-abe9-abb2b21159b6,missed
1786005104.954124,PreToolUse,7e2e4776-522e-47ae-abe9-abb2b21159b6,missed
1786005126.5707572,PreToolUse,7e2e4776-522e-47ae-abe9-abb2b21159b6,missed
1786005163.905132,PreToolUse,7e2e4776-522e-47ae-abe9-abb2b21159b6,missed
1786005226.8597271,PreToolUse,7e2e4776-522e-47ae-abe9-abb2b21159b6,missed
1786005227.457082,PreToolUse,7e2e4776-522e-47ae-abe9-abb2b21159b6,missed
1786005227.7847822,PreToolUse,7e2e4776-522e-47ae-abe9-abb2b21159b6,missed
1786005227.968926,PreToolUse,7e2e4776-522e-47ae-abe9-abb2b21159b6,missed
1786005253.011132,PreToolUse,7e2e4776-522e-47ae-abe9-abb2b21159b6,missed
1786005265.809104,PreToolUse,7e2e4776-522e-47ae-abe9-abb2b21159b6,missed
1786005296.636238,PreToolUse,7e2e4776-522e-47ae-abe9-abb2b21159b6,missed
1786005296.636238,PreToolUse,7e2e4776-522e-47ae-abe9-abb2b21159b6,missed
1786005296.6362429,PreToolUse,7e2e4776-522e-47ae-abe9-abb2b21159b6,missed
1786005324.6136131,PreToolUse,7e2e4776-522e-47ae-abe9-abb2b21159b6,missed
1786005369.687145,PreToolUse,7e2e4776-522e-47ae-abe9-abb2b21159b6,missed
1786005398.103304,PreToolUse,7e2e4776-522e-47ae-abe9-abb2b21159b6,missed
1786005398.1033049,PreToolUse,7e2e4776-522e-47ae-abe9-abb2b21159b6,missed
1786005451.162206,PreToolUse,7e2e4776-522e-47ae-abe9-abb2b21159b6,missed
1786005463.4872372,PreToolUse,7e2e4776-522e-47ae-abe9-abb2b21159b6,missed
1786005496.5720582,PreToolUse,7e2e4776-522e-47ae-abe9-abb2b21159b6,missed
1786005515.263547,PreToolUse,7e2e4776-522e-47ae-abe9-abb2b21159b6,missed
1786005519.6450188,PreToolUse,7e2e4776-522e-47ae-abe9-abb2b21159b6,missed
1786005533.128226,PreToolUse,7e2e4776-522e-47ae-abe9-abb2b21159b6,missed
1786005574.146858,PreToolUse,7e2e4776-522e-47ae-abe9-abb2b21159b6,missed
1786005594.750144,PreToolUse,7e2e4776-522e-47ae-abe9-abb2b21159b6,missed
1786005627.913425,PreToolUse,7e2e4776-522e-47ae-abe9-abb2b21159b6,missed
1786005636.389106,PreToolUse,7e2e4776-522e-47ae-abe9-abb2b21159b6,missed
1786005682.015219,PreToolUse,7e2e4776-522e-47ae-abe9-abb2b21159b6,missed
1786005722.51529,PreToolUse,7e2e4776-522e-47ae-abe9-abb2b21159b6,missed
1786005723.256723,PreToolUse,7e2e4776-522e-47ae-abe9-abb2b21159b6,missed
1786005738.962883,PreToolUse,7e2e4776-522e-47ae-abe9-abb2b21159b6,missed
1786005790.0000992,PreToolUse,7e2e4776-522e-47ae-abe9-abb2b21159b6,missed
1786005799.249643,PreToolUse,7e2e4776-522e-47ae-abe9-abb2b21159b6,missed
1786005837.436067,PreToolUse,7e2e4776-522e-47ae-abe9-abb2b21159b6,missed
1786005837.934035,PreToolUse,7e2e4776-522e-47ae-abe9-abb2b21159b6,missed
1786005838.169749,PreToolUse,7e2e4776-522e-47ae-abe9-abb2b21159b6,missed
1786005843.448035,PreToolUse,7e2e4776-522e-47ae-abe9-abb2b21159b6,missed
1786005850.1747148,PreToolUse,7e2e4776-522e-47ae-abe9-abb2b21159b6,missed
1786005863.4461079,PreToolUse,7e2e4776-522e-47ae-abe9-abb2b21159b6,missed
1786005876.757917,PreToolUse,7e2e4776-522e-47ae-abe9-abb2b21159b6,missed
1786005898.1193101,PreToolUse,7e2e4776-522e-47ae-abe9-abb2b21159b6,missed
1786005905.646351,PreToolUse,7e2e4776-522e-47ae-abe9-abb2b21159b6,missed
1786005971.411639,PreToolUse,7e2e4776-522e-47ae-abe9-abb2b21159b6,missed
1786005991.020045,PreToolUse,7e2e4776-522e-47ae-abe9-abb2b21159b6,missed
1786005991.020048,PreToolUse,7e2e4776-522e-47ae-abe9-abb2b21159b6,missed
1786006007.1085901,PreToolUse,7e2e4776-522e-47ae-abe9-abb2b21159b6,missed
1786006007.741573,PreToolUse,7e2e4776-522e-47ae-abe9-abb2b21159b6,missed
1786006073.875464,PreToolUse,7e2e4776-522e-47ae-abe9-abb2b21159b6,missed
1786006122.634073,PreToolUse,7e2e4776-522e-47ae-abe9-abb2b21159b6,missed
1786006125.446452,PreToolUse,7e2e4776-522e-47ae-abe9-abb2b21159b6,missed
1786006143.8043761,PreToolUse,7e2e4776-522e-47ae-abe9-abb2b21159b6,missed
1786006176.795518,PreToolUse,7e2e4776-522e-47ae-abe9-abb2b21159b6,missed
1786006233.759189,PreToolUse,7e2e4776-522e-47ae-abe9-abb2b21159b6,missed
1786006261.847245,PreToolUse,7e2e4776-522e-47ae-abe9-abb2b21159b6,missed
1786006286.0265532,PreToolUse,7e2e4776-522e-47ae-abe9-abb2b21159b6,missed
1786006319.972448,PreToolUse,7e2e4776-522e-47ae-abe9-abb2b21159b6,missed
1786006332.4550772,PreToolUse,7e2e4776-522e-47ae-abe9-abb2b21159b6,missed
1786006343.412162,PreToolUse,7e2e4776-522e-47ae-abe9-abb2b21159b6,missed
1786006363.888211,PreToolUse,7e2e4776-522e-47ae-abe9-abb2b21159b6,missed
1786006392.3819149,PreToolUse,7e2e4776-522e-47ae-abe9-abb2b21159b6,missed
1786006396.509527,PreToolUse,7e2e4776-522e-47ae-abe9-abb2b21159b6,missed
1786006412.444864,PreToolUse,7e2e4776-522e-47ae-abe9-abb2b21159b6,missed
1786006442.8877,PreToolUse,7e2e4776-522e-47ae-abe9-abb2b21159b6,missed
1786006473.142636,PreToolUse,7e2e4776-522e-47ae-abe9-abb2b21159b6,missed
1786006480.53779,PreToolUse,7e2e4776-522e-47ae-abe9-abb2b21159b6,missed
1786006490.30287,PreToolUse,7e2e4776-522e-47ae-abe9-abb2b21159b6,missed
1786006521.9554958,PreToolUse,7e2e4776-522e-47ae-abe9-abb2b21159b6,missed
1786006527.3247309,PreToolUse,7e2e4776-522e-47ae-abe9-abb2b21159b6,missed
1786006568.902634,PreToolUse,7e2e4776-522e-47ae-abe9-abb2b21159b6,missed
1786006591.5441658,PreToolUse,7e2e4776-522e-47ae-abe9-abb2b21159b6,missed
1786006617.055739,PreToolUse,7e2e4776-522e-47ae-abe9-abb2b21159b6,missed
1786006640.7828631,PreToolUse,7e2e4776-522e-47ae-abe9-abb2b21159b6,missed
1786006644.596193,PreToolUse,7e2e4776-522e-47ae-abe9-abb2b21159b6,missed
1786006644.596611,PreToolUse,7e2e4776-522e-47ae-abe9-abb2b21159b6,missed
1786007198.3260312,PreToolUse,7e2e4776-522e-47ae-abe9-abb2b21159b6,missed
1786007198.3567228,PreToolUse,7e2e4776-522e-47ae-abe9-abb2b21159b6,missed
1786007202.440232,PreToolUse,7e2e4776-522e-47ae-abe9-abb2b21159b6,missed
1786007235.526707,PreToolUse,7e2e4776-522e-47ae-abe9-abb2b21159b6,missed
1786007293.78494,PreToolUse,7e2e4776-522e-47ae-abe9-abb2b21159b6,missed
1786007301.833917,PreToolUse,7e2e4776-522e-47ae-abe9-abb2b21159b6,missed
1786007330.461154,PreToolUse,7e2e4776-522e-47ae-abe9-abb2b21159b6,missed
1786007377.505444,PreToolUse,7e2e4776-522e-47ae-abe9-abb2b21159b6,missed
1786007526.071986,PreToolUse,7e2e4776-522e-47ae-abe9-abb2b21159b6,missed
1786007547.19055,PreToolUse,7e2e4776-522e-47ae-abe9-abb2b21159b6,missed
1786007637.492893,PreToolUse,7e2e4776-522e-47ae-abe9-abb2b21159b6,missed
1786007638.10477,PreToolUse,7e2e4776-522e-47ae-abe9-abb2b21159b6,missed
1786007718.106128,PreToolUse,7e2e4776-522e-47ae-abe9-abb2b21159b6,missed
1786007755.870697,PreToolUse,7e2e4776-522e-47ae-abe9-abb2b21159b6,missed
1786007803.444711,PreToolUse,7e2e4776-522e-47ae-abe9-abb2b21159b6,missed
1786007808.7659478,PreToolUse,7e2e4776-522e-47ae-abe9-abb2b21159b6,missed
1786007834.272259,PreToolUse,7e2e4776-522e-47ae-abe9-abb2b21159b6,missed
1786007879.484235,PreToolUse,7e2e4776-522e-47ae-abe9-abb2b21159b6,missed
1786007891.2486231,PreToolUse,7e2e4776-522e-47ae-abe9-abb2b21159b6,missed
1786007911.899881,PreToolUse,7e2e4776-522e-47ae-abe9-abb2b21159b6,missed
1786007937.280395,PreToolUse,7e2e4776-522e-47ae-abe9-abb2b21159b6,missed
1786008039.955146,PreToolUse,7e2e4776-522e-47ae-abe9-abb2b21159b6,missed
1786008042.7691891,PreToolUse,7e2e4776-522e-47ae-abe9-abb2b21159b6,missed
1786008427.5282419,PreToolUse,7e2e4776-522e-47ae-abe9-abb2b21159b6,missed
1786008428.0657039,PreToolUse,7e2e4776-522e-47ae-abe9-abb2b21159b6,missed
1786008506.100875,PreToolUse,7e2e4776-522e-47ae-abe9-abb2b21159b6,missed
1786009168.182306,PreToolUse,7e2e4776-522e-47ae-abe9-abb2b21159b6,missed
1786009546.466464,PreToolUse,7e2e4776-522e-47ae-abe9-abb2b21159b6,missed
1786009811.338948,PreToolUse,7e2e4776-522e-47ae-abe9-abb2b21159b6,missed
1786009943.459203,PreToolUse,7e2e4776-522e-47ae-abe9-abb2b21159b6,missed
1786010227.997463,PreToolUse,7e2e4776-522e-47ae-abe9-abb2b21159b6,missed
1786010370.450272,PreToolUse,7e2e4776-522e-47ae-abe9-abb2b21159b6,missed
1786010371.061261,PreToolUse,7e2e4776-522e-47ae-abe9-abb2b21159b6,missed
1786010371.37726,PreToolUse,7e2e4776-522e-47ae-abe9-abb2b21159b6,missed
1786010542.6453881,PreToolUse,7e2e4776-522e-47ae-abe9-abb2b21159b6,missed
1786010609.781481,PreToolUse,7e2e4776-522e-47ae-abe9-abb2b21159b6,missed
1786010637.661723,PreToolUse,7e2e4776-522e-47ae-abe9-abb2b21159b6,missed
1786010638.529118,PreToolUse,7e2e4776-522e-47ae-abe9-abb2b21159b6,missed
1786010661.852583,PreToolUse,7e2e4776-522e-47ae-abe9-abb2b21159b6,missed
1786010674.3352141,PreToolUse,7e2e4776-522e-47ae-abe9-abb2b21159b6,missed
1786010675.54797,PreToolUse,7e2e4776-522e-47ae-abe9-abb2b21159b6,missed
1786010678.510407,PreToolUse,7e2e4776-522e-47ae-abe9-abb2b21159b6,missed
1786010690.553128,PreToolUse,7e2e4776-522e-47ae-abe9-abb2b21159b6,missed
1786010707.73905,PreToolUse,7e2e4776-522e-47ae-abe9-abb2b21159b6,missed
1786010717.466329,PreToolUse,7e2e4776-522e-47ae-abe9-abb2b21159b6,missed
1786010717.985933,PreToolUse,7e2e4776-522e-47ae-abe9-abb2b21159b6,missed
1786010726.8868968,PreToolUse,7e2e4776-522e-47ae-abe9-abb2b21159b6,missed
1786010734.7351801,PreToolUse,7e2e4776-522e-47ae-abe9-abb2b21159b6,missed
1786010931.9405582,PreToolUse,7e2e4776-522e-47ae-abe9-abb2b21159b6,missed
1786010933.1199481,PreToolUse,7e2e4776-522e-47ae-abe9-abb2b21159b6,missed
1786010934.199417,PreToolUse,7e2e4776-522e-47ae-abe9-abb2b21159b6,missed
1786010935.314604,PreToolUse,7e2e4776-522e-47ae-abe9-abb2b21159b6,missed
1786010964.174505,PreToolUse,7e2e4776-522e-47ae-abe9-abb2b21159b6,missed
1786010965.109765,PreToolUse,7e2e4776-522e-47ae-abe9-abb2b21159b6,missed
1786011013.4383922,PreToolUse,7e2e4776-522e-47ae-abe9-abb2b21159b6,missed
1786014232.650978,PreToolUse,7e2e4776-522e-47ae-abe9-abb2b21159b6,missed
1786014347.5148978,PreToolUse,7e2e4776-522e-47ae-abe9-abb2b21159b6,missed
1786014348.532314,PreToolUse,7e2e4776-522e-47ae-abe9-abb2b21159b6,missed
1786014414.700014,PreToolUse,7e2e4776-522e-47ae-abe9-abb2b21159b6,missed
1786014432.019906,PreToolUse,7e2e4776-522e-47ae-abe9-abb2b21159b6,missed
1786014469.102758,PreToolUse,7e2e4776-522e-47ae-abe9-abb2b21159b6,missed
1786014541.926443,PreToolUse,7e2e4776-522e-47ae-abe9-abb2b21159b6,missed
1786014545.003882,PreToolUse,7e2e4776-522e-47ae-abe9-abb2b21159b6,missed
1786014566.4194088,PreToolUse,7e2e4776-522e-47ae-abe9-abb2b21159b6,missed
1786014596.1598709,PreToolUse,7e2e4776-522e-47ae-abe9-abb2b21159b6,missed
1786014601.278157,PreToolUse,7e2e4776-522e-47ae-abe9-abb2b21159b6,missed
1786014620.541501,PreToolUse,7e2e4776-522e-47ae-abe9-abb2b21159b6,missed
1786014661.685288,PreToolUse,7e2e4776-522e-47ae-abe9-abb2b21159b6,missed
1786014668.4748669,PreToolUse,7e2e4776-522e-47ae-abe9-abb2b21159b6,missed
1786014680.924726,PreToolUse,7e2e4776-522e-47ae-abe9-abb2b21159b6,missed
1786014683.281013,PreToolUse,7e2e4776-522e-47ae-abe9-abb2b21159b6,missed
1786014685.5367522,PreToolUse,7e2e4776-522e-47ae-abe9-abb2b21159b6,missed
1786014687.979845,PreToolUse,7e2e4776-522e-47ae-abe9-abb2b21159b6,missed
1786014690.755022,PreToolUse,7e2e4776-522e-47ae-abe9-abb2b21159b6,missed
1786014693.860909,PreToolUse,7e2e4776-522e-47ae-abe9-abb2b21159b6,missed
1786014696.926344,PreToolUse,7e2e4776-522e-47ae-abe9-abb2b21159b6,missed
1786014703.1108422,PreToolUse,7e2e4776-522e-47ae-abe9-abb2b21159b6,missed
1786014723.841726,PreToolUse,7e2e4776-522e-47ae-abe9-abb2b21159b6,missed
1786014730.5946538,PreToolUse,7e2e4776-522e-47ae-abe9-abb2b21159b6,missed
1786014734.1986,PreToolUse,7e2e4776-522e-47ae-abe9-abb2b21159b6,missed
1786014737.423985,PreToolUse,7e2e4776-522e-47ae-abe9-abb2b21159b6,missed
1786014761.418278,PreToolUse,7e2e4776-522e-47ae-abe9-abb2b21159b6,missed
1786014775.347424,PreToolUse,7e2e4776-522e-47ae-abe9-abb2b21159b6,missed
1786014817.290354,PreToolUse,7e2e4776-522e-47ae-abe9-abb2b21159b6,missed
1786015072.511565,PreToolUse,7e2e4776-522e-47ae-abe9-abb2b21159b6,missed
1786015130.0625489,PreToolUse,7e2e4776-522e-47ae-abe9-abb2b21159b6,missed
1786015146.773015,PreToolUse,7e2e4776-522e-47ae-abe9-abb2b21159b6,missed
1786015157.710697,PreToolUse,7e2e4776-522e-47ae-abe9-abb2b21159b6,missed
1786015183.841789,PreToolUse,7e2e4776-522e-47ae-abe9-abb2b21159b6,missed
1786015191.966621,PreToolUse,7e2e4776-522e-47ae-abe9-abb2b21159b6,missed
1786015197.897512,PreToolUse,7e2e4776-522e-47ae-abe9-abb2b21159b6,missed
1786015208.397622,PreToolUse,7e2e4776-522e-47ae-abe9-abb2b21159b6,missed
1786015208.871629,PreToolUse,7e2e4776-522e-47ae-abe9-abb2b21159b6,missed
1786015388.710268,PreToolUse,7e2e4776-522e-47ae-abe9-abb2b21159b6,missed
1786015397.471322,PreToolUse,7e2e4776-522e-47ae-abe9-abb2b21159b6,missed
1786015410.2477891,PreToolUse,7e2e4776-522e-47ae-abe9-abb2b21159b6,missed
2026-08-06T11:24:11Z,SessionEnd,7e2e4776-522e-47ae-abe9-abb2b21159b6,matched
2026-08-06T06:57:38Z,SessionStart,7e2e4776-522e-47ae-abe9-abb2b21159b6,matched
2026-08-06T07:32:46Z,Stop,7e2e4776-522e-47ae-abe9-abb2b21159b6,matched
2026-08-06T08:39:18Z,Stop,7e2e4776-522e-47ae-abe9-abb2b21159b6,matched
2026-08-06T08:52:54Z,Stop,7e2e4776-522e-47ae-abe9-abb2b21159b6,matched
2026-08-06T09:18:39Z,Stop,7e2e4776-522e-47ae-abe9-abb2b21159b6,matched
2026-08-06T10:05:51Z,Stop,7e2e4776-522e-47ae-abe9-abb2b21159b6,matched
2026-08-06T11:20:22Z,Stop,7e2e4776-522e-47ae-abe9-abb2b21159b6,matched
2026-08-06T11:23:53Z,Stop,7e2e4776-522e-47ae-abe9-abb2b21159b6,matched
2026-08-06T07:55:17Z,Notification,aa64648b-53ef-4187-b7bc-b4fec5201536,matched
2026-08-06T08:03:44Z,Notification,aa64648b-53ef-4187-b7bc-b4fec5201536,matched
2026-08-06T08:14:46Z,Notification,aa64648b-53ef-4187-b7bc-b4fec5201536,matched
2026-08-06T08:21:33Z,Notification,aa64648b-53ef-4187-b7bc-b4fec5201536,matched
2026-08-06T08:31:03Z,Notification,aa64648b-53ef-4187-b7bc-b4fec5201536,matched
2026-08-06T08:38:45Z,Notification,aa64648b-53ef-4187-b7bc-b4fec5201536,matched
2026-08-06T08:45:13Z,Notification,aa64648b-53ef-4187-b7bc-b4fec5201536,matched
2026-08-06T08:50:02Z,Notification,aa64648b-53ef-4187-b7bc-b4fec5201536,matched
2026-08-06T08:53:18Z,Notification,aa64648b-53ef-4187-b7bc-b4fec5201536,matched
2026-08-06T09:08:45Z,Notification,aa64648b-53ef-4187-b7bc-b4fec5201536,matched
2026-08-06T09:10:49Z,Notification,aa64648b-53ef-4187-b7bc-b4fec5201536,matched
2026-08-06T09:16:45Z,Notification,aa64648b-53ef-4187-b7bc-b4fec5201536,matched
2026-08-06T09:18:53Z,Notification,aa64648b-53ef-4187-b7bc-b4fec5201536,matched
2026-08-06T09:27:07Z,Notification,aa64648b-53ef-4187-b7bc-b4fec5201536,matched
2026-08-06T09:29:43Z,Notification,aa64648b-53ef-4187-b7bc-b4fec5201536,matched
2026-08-06T09:38:22Z,Notification,aa64648b-53ef-4187-b7bc-b4fec5201536,matched
2026-08-06T09:59:29Z,Notification,aa64648b-53ef-4187-b7bc-b4fec5201536,matched
2026-08-06T10:00:13Z,Notification,aa64648b-53ef-4187-b7bc-b4fec5201536,matched
2026-08-06T10:03:06Z,Notification,aa64648b-53ef-4187-b7bc-b4fec5201536,matched
2026-08-06T10:05:22Z,Notification,aa64648b-53ef-4187-b7bc-b4fec5201536,matched
2026-08-06T10:06:42Z,Notification,aa64648b-53ef-4187-b7bc-b4fec5201536,matched
2026-08-06T10:36:02Z,Notification,aa64648b-53ef-4187-b7bc-b4fec5201536,matched
2026-08-06T11:10:13Z,Notification,aa64648b-53ef-4187-b7bc-b4fec5201536,matched
2026-08-06T11:16:31Z,Notification,aa64648b-53ef-4187-b7bc-b4fec5201536,matched
2026-08-06T11:25:20Z,Notification,aa64648b-53ef-4187-b7bc-b4fec5201536,matched
2026-08-06T11:31:29Z,Notification,aa64648b-53ef-4187-b7bc-b4fec5201536,matched
2026-08-06T11:37:35Z,Notification,aa64648b-53ef-4187-b7bc-b4fec5201536,matched
2026-08-06T12:09:25Z,Notification,aa64648b-53ef-4187-b7bc-b4fec5201536,matched
2026-08-06T13:08:13Z,Notification,aa64648b-53ef-4187-b7bc-b4fec5201536,matched
2026-08-06T14:26:02Z,Notification,aa64648b-53ef-4187-b7bc-b4fec5201536,matched
2026-08-06T14:27:56Z,Notification,aa64648b-53ef-4187-b7bc-b4fec5201536,matched
2026-08-06T15:02:39Z,Notification,aa64648b-53ef-4187-b7bc-b4fec5201536,matched
2026-08-06T23:28:05Z,Notification,aa64648b-53ef-4187-b7bc-b4fec5201536,matched
2026-08-06T23:28:46Z,Notification,aa64648b-53ef-4187-b7bc-b4fec5201536,matched
1786002751.227668,PreToolUse,aa64648b-53ef-4187-b7bc-b4fec5201536,missed
1786002766.8508239,PreToolUse,aa64648b-53ef-4187-b7bc-b4fec5201536,missed
1786002767.533262,PreToolUse,aa64648b-53ef-4187-b7bc-b4fec5201536,missed
1786002789.920413,PreToolUse,aa64648b-53ef-4187-b7bc-b4fec5201536,missed
1786002791.416506,PreToolUse,aa64648b-53ef-4187-b7bc-b4fec5201536,missed
1786002822.229279,PreToolUse,aa64648b-53ef-4187-b7bc-b4fec5201536,missed
1786002909.304718,PreToolUse,aa64648b-53ef-4187-b7bc-b4fec5201536,missed
1786002911.4457998,PreToolUse,aa64648b-53ef-4187-b7bc-b4fec5201536,missed
1786003334.525057,PreToolUse,aa64648b-53ef-4187-b7bc-b4fec5201536,missed
1786003338.274747,PreToolUse,aa64648b-53ef-4187-b7bc-b4fec5201536,missed
1786003418.1652591,PreToolUse,aa64648b-53ef-4187-b7bc-b4fec5201536,missed
1786004022.016609,PreToolUse,aa64648b-53ef-4187-b7bc-b4fec5201536,missed
1786004025.167296,PreToolUse,aa64648b-53ef-4187-b7bc-b4fec5201536,missed
1786004026.62508,PreToolUse,aa64648b-53ef-4187-b7bc-b4fec5201536,missed
1786004028.5198212,PreToolUse,aa64648b-53ef-4187-b7bc-b4fec5201536,missed
1786004079.8112051,PreToolUse,aa64648b-53ef-4187-b7bc-b4fec5201536,missed
1786004202.739116,PreToolUse,aa64648b-53ef-4187-b7bc-b4fec5201536,missed
1786004250.176878,PreToolUse,aa64648b-53ef-4187-b7bc-b4fec5201536,missed
1786004279.332072,PreToolUse,aa64648b-53ef-4187-b7bc-b4fec5201536,missed
1786004288.592225,PreToolUse,aa64648b-53ef-4187-b7bc-b4fec5201536,missed
1786004289.3522182,PreToolUse,aa64648b-53ef-4187-b7bc-b4fec5201536,missed
1786004391.925757,PreToolUse,aa64648b-53ef-4187-b7bc-b4fec5201536,missed
1786004451.442643,PreToolUse,aa64648b-53ef-4187-b7bc-b4fec5201536,missed
1786004467.258392,PreToolUse,aa64648b-53ef-4187-b7bc-b4fec5201536,missed
1786004486.248398,PreToolUse,aa64648b-53ef-4187-b7bc-b4fec5201536,missed
1786004487.2858539,PreToolUse,aa64648b-53ef-4187-b7bc-b4fec5201536,missed
1786004819.038595,PreToolUse,aa64648b-53ef-4187-b7bc-b4fec5201536,missed
1786004820.583919,PreToolUse,aa64648b-53ef-4187-b7bc-b4fec5201536,missed
1786004879.546324,PreToolUse,aa64648b-53ef-4187-b7bc-b4fec5201536,missed
1786004881.994358,PreToolUse,aa64648b-53ef-4187-b7bc-b4fec5201536,missed
1786004905.00194,PreToolUse,aa64648b-53ef-4187-b7bc-b4fec5201536,missed
1786004976.984169,PreToolUse,aa64648b-53ef-4187-b7bc-b4fec5201536,missed
1786005056.862452,PreToolUse,aa64648b-53ef-4187-b7bc-b4fec5201536,missed
1786005434.2204852,PreToolUse,aa64648b-53ef-4187-b7bc-b4fec5201536,missed
1786005469.4697,PreToolUse,aa64648b-53ef-4187-b7bc-b4fec5201536,missed
1786005498.215913,PreToolUse,aa64648b-53ef-4187-b7bc-b4fec5201536,missed
1786005519.76598,PreToolUse,aa64648b-53ef-4187-b7bc-b4fec5201536,missed
1786005858.3656662,PreToolUse,aa64648b-53ef-4187-b7bc-b4fec5201536,missed
1786005906.9368992,PreToolUse,aa64648b-53ef-4187-b7bc-b4fec5201536,missed
1786006196.396663,PreToolUse,aa64648b-53ef-4187-b7bc-b4fec5201536,missed
1786006297.085483,PreToolUse,aa64648b-53ef-4187-b7bc-b4fec5201536,missed
1786006310.422453,PreToolUse,aa64648b-53ef-4187-b7bc-b4fec5201536,missed
1786006344.97315,PreToolUse,aa64648b-53ef-4187-b7bc-b4fec5201536,missed
1786006384.0809119,PreToolUse,aa64648b-53ef-4187-b7bc-b4fec5201536,missed
1786006391.872919,PreToolUse,aa64648b-53ef-4187-b7bc-b4fec5201536,missed
1786007319.055679,PreToolUse,aa64648b-53ef-4187-b7bc-b4fec5201536,missed
1786007385.2379699,PreToolUse,aa64648b-53ef-4187-b7bc-b4fec5201536,missed
1786007423.6431308,PreToolUse,aa64648b-53ef-4187-b7bc-b4fec5201536,missed
1786007443.5531259,PreToolUse,aa64648b-53ef-4187-b7bc-b4fec5201536,missed
1786007704.855766,PreToolUse,aa64648b-53ef-4187-b7bc-b4fec5201536,missed
1786007777.2418401,PreToolUse,aa64648b-53ef-4187-b7bc-b4fec5201536,missed
1786007799.11435,PreToolUse,aa64648b-53ef-4187-b7bc-b4fec5201536,missed
1786007901.577479,PreToolUse,aa64648b-53ef-4187-b7bc-b4fec5201536,missed
1786007927.031702,PreToolUse,aa64648b-53ef-4187-b7bc-b4fec5201536,missed
1786008421.527313,PreToolUse,aa64648b-53ef-4187-b7bc-b4fec5201536,missed
1786008508.32621,PreToolUse,aa64648b-53ef-4187-b7bc-b4fec5201536,missed
1786008577.534967,PreToolUse,aa64648b-53ef-4187-b7bc-b4fec5201536,missed
1786009095.834217,PreToolUse,aa64648b-53ef-4187-b7bc-b4fec5201536,missed
1786010362.7855601,PreToolUse,aa64648b-53ef-4187-b7bc-b4fec5201536,missed
1786010407.730261,PreToolUse,aa64648b-53ef-4187-b7bc-b4fec5201536,missed
1786010535.5254521,PreToolUse,aa64648b-53ef-4187-b7bc-b4fec5201536,missed
1786010579.7594528,PreToolUse,aa64648b-53ef-4187-b7bc-b4fec5201536,missed
1786010661.7295842,PreToolUse,aa64648b-53ef-4187-b7bc-b4fec5201536,missed
1786010681.338169,PreToolUse,aa64648b-53ef-4187-b7bc-b4fec5201536,missed
1786010689.537974,PreToolUse,aa64648b-53ef-4187-b7bc-b4fec5201536,missed
1786010710.254813,PreToolUse,aa64648b-53ef-4187-b7bc-b4fec5201536,missed
1786010716.282207,PreToolUse,aa64648b-53ef-4187-b7bc-b4fec5201536,missed
1786010796.800817,PreToolUse,aa64648b-53ef-4187-b7bc-b4fec5201536,missed
1786010928.11103,PreToolUse,aa64648b-53ef-4187-b7bc-b4fec5201536,missed
1786011021.951209,PreToolUse,aa64648b-53ef-4187-b7bc-b4fec5201536,missed
1786011025.85372,PreToolUse,aa64648b-53ef-4187-b7bc-b4fec5201536,missed
1786011076.8341582,PreToolUse,aa64648b-53ef-4187-b7bc-b4fec5201536,missed
1786011077.517928,PreToolUse,aa64648b-53ef-4187-b7bc-b4fec5201536,missed
1786011099.881685,PreToolUse,aa64648b-53ef-4187-b7bc-b4fec5201536,missed
1786011139.488323,PreToolUse,aa64648b-53ef-4187-b7bc-b4fec5201536,missed
1786011147.0450659,PreToolUse,aa64648b-53ef-4187-b7bc-b4fec5201536,missed
1786011147.7161238,PreToolUse,aa64648b-53ef-4187-b7bc-b4fec5201536,missed
1786011159.6382358,PreToolUse,aa64648b-53ef-4187-b7bc-b4fec5201536,missed
1786012511.998389,PreToolUse,aa64648b-53ef-4187-b7bc-b4fec5201536,missed
1786012512.494133,PreToolUse,aa64648b-53ef-4187-b7bc-b4fec5201536,missed
1786012532.674628,PreToolUse,aa64648b-53ef-4187-b7bc-b4fec5201536,missed
1786012534.6525319,PreToolUse,aa64648b-53ef-4187-b7bc-b4fec5201536,missed
1786012542.443248,PreToolUse,aa64648b-53ef-4187-b7bc-b4fec5201536,missed
1786012555.9564018,PreToolUse,aa64648b-53ef-4187-b7bc-b4fec5201536,missed
1786014184.012619,PreToolUse,aa64648b-53ef-4187-b7bc-b4fec5201536,missed
1786014433.88975,PreToolUse,aa64648b-53ef-4187-b7bc-b4fec5201536,missed
1786014478.428546,PreToolUse,aa64648b-53ef-4187-b7bc-b4fec5201536,missed
1786014488.616849,PreToolUse,aa64648b-53ef-4187-b7bc-b4fec5201536,missed
1786014497.233088,PreToolUse,aa64648b-53ef-4187-b7bc-b4fec5201536,missed
1786014529.795146,PreToolUse,aa64648b-53ef-4187-b7bc-b4fec5201536,missed
1786014539.192783,PreToolUse,aa64648b-53ef-4187-b7bc-b4fec5201536,missed
1786014539.597693,PreToolUse,aa64648b-53ef-4187-b7bc-b4fec5201536,missed
1786014607.309608,PreToolUse,aa64648b-53ef-4187-b7bc-b4fec5201536,missed
1786014982.257356,PreToolUse,aa64648b-53ef-4187-b7bc-b4fec5201536,missed
1786014984.846336,PreToolUse,aa64648b-53ef-4187-b7bc-b4fec5201536,missed
1786015330.351382,PreToolUse,aa64648b-53ef-4187-b7bc-b4fec5201536,missed
1786015393.286248,PreToolUse,aa64648b-53ef-4187-b7bc-b4fec5201536,missed
1786015403.253506,PreToolUse,aa64648b-53ef-4187-b7bc-b4fec5201536,missed
1786015404.058676,PreToolUse,aa64648b-53ef-4187-b7bc-b4fec5201536,missed
1786015414.870943,PreToolUse,aa64648b-53ef-4187-b7bc-b4fec5201536,missed
1786015415.8699589,PreToolUse,aa64648b-53ef-4187-b7bc-b4fec5201536,missed
1786015423.3809652,PreToolUse,aa64648b-53ef-4187-b7bc-b4fec5201536,missed
1786015429.95705,PreToolUse,aa64648b-53ef-4187-b7bc-b4fec5201536,missed
1786015512.0464032,PreToolUse,aa64648b-53ef-4187-b7bc-b4fec5201536,missed
1786015514.215171,PreToolUse,aa64648b-53ef-4187-b7bc-b4fec5201536,missed
1786015709.32041,PreToolUse,aa64648b-53ef-4187-b7bc-b4fec5201536,missed
1786015744.220339,PreToolUse,aa64648b-53ef-4187-b7bc-b4fec5201536,missed
1786015883.735643,PreToolUse,aa64648b-53ef-4187-b7bc-b4fec5201536,missed
1786016145.099835,PreToolUse,aa64648b-53ef-4187-b7bc-b4fec5201536,missed
1786016146.171701,PreToolUse,aa64648b-53ef-4187-b7bc-b4fec5201536,missed
1786016175.6684968,PreToolUse,aa64648b-53ef-4187-b7bc-b4fec5201536,missed
1786016186.39404,PreToolUse,aa64648b-53ef-4187-b7bc-b4fec5201536,missed
1786016186.847074,PreToolUse,aa64648b-53ef-4187-b7bc-b4fec5201536,missed
1786016202.229586,PreToolUse,aa64648b-53ef-4187-b7bc-b4fec5201536,missed
1786016206.975172,PreToolUse,aa64648b-53ef-4187-b7bc-b4fec5201536,missed
1786016249.79149,PreToolUse,aa64648b-53ef-4187-b7bc-b4fec5201536,missed
1786016664.833645,PreToolUse,aa64648b-53ef-4187-b7bc-b4fec5201536,missed
1786016665.2069912,PreToolUse,aa64648b-53ef-4187-b7bc-b4fec5201536,missed
1786016749.865495,PreToolUse,aa64648b-53ef-4187-b7bc-b4fec5201536,missed
1786016783.2400682,PreToolUse,aa64648b-53ef-4187-b7bc-b4fec5201536,missed
1786016822.514299,PreToolUse,aa64648b-53ef-4187-b7bc-b4fec5201536,missed
1786016848.504946,PreToolUse,aa64648b-53ef-4187-b7bc-b4fec5201536,missed
1786017189.323688,PreToolUse,aa64648b-53ef-4187-b7bc-b4fec5201536,missed
1786017209.373892,PreToolUse,aa64648b-53ef-4187-b7bc-b4fec5201536,missed
1786017554.73759,PreToolUse,aa64648b-53ef-4187-b7bc-b4fec5201536,missed
1786017556.024637,PreToolUse,aa64648b-53ef-4187-b7bc-b4fec5201536,missed
1786017649.573181,PreToolUse,aa64648b-53ef-4187-b7bc-b4fec5201536,missed
1786017761.215297,PreToolUse,aa64648b-53ef-4187-b7bc-b4fec5201536,missed
1786017778.0877051,PreToolUse,aa64648b-53ef-4187-b7bc-b4fec5201536,missed
1786017788.1955829,PreToolUse,aa64648b-53ef-4187-b7bc-b4fec5201536,missed
1786017805.161846,PreToolUse,aa64648b-53ef-4187-b7bc-b4fec5201536,missed
1786017818.7502148,PreToolUse,aa64648b-53ef-4187-b7bc-b4fec5201536,missed
1786017823.404321,PreToolUse,aa64648b-53ef-4187-b7bc-b4fec5201536,missed
1786017823.713035,PreToolUse,aa64648b-53ef-4187-b7bc-b4fec5201536,missed
1786017857.473784,PreToolUse,aa64648b-53ef-4187-b7bc-b4fec5201536,missed
1786017883.8833332,PreToolUse,aa64648b-53ef-4187-b7bc-b4fec5201536,missed
1786017937.495341,PreToolUse,aa64648b-53ef-4187-b7bc-b4fec5201536,missed
1786017948.593693,PreToolUse,aa64648b-53ef-4187-b7bc-b4fec5201536,missed
1786018018.82205,PreToolUse,aa64648b-53ef-4187-b7bc-b4fec5201536,missed
1786018019.288168,PreToolUse,aa64648b-53ef-4187-b7bc-b4fec5201536,missed
1786018029.389608,PreToolUse,aa64648b-53ef-4187-b7bc-b4fec5201536,missed
1786018038.8572538,PreToolUse,aa64648b-53ef-4187-b7bc-b4fec5201536,missed
1786018071.243031,PreToolUse,aa64648b-53ef-4187-b7bc-b4fec5201536,missed
1786018104.198268,PreToolUse,aa64648b-53ef-4187-b7bc-b4fec5201536,missed
1786018119.477983,PreToolUse,aa64648b-53ef-4187-b7bc-b4fec5201536,missed
1786018159.506745,PreToolUse,aa64648b-53ef-4187-b7bc-b4fec5201536,missed
1786021355.353819,PreToolUse,aa64648b-53ef-4187-b7bc-b4fec5201536,missed
1786021356.948927,PreToolUse,aa64648b-53ef-4187-b7bc-b4fec5201536,missed
1786021475.675235,PreToolUse,aa64648b-53ef-4187-b7bc-b4fec5201536,missed
1786021500.955585,PreToolUse,aa64648b-53ef-4187-b7bc-b4fec5201536,missed
1786021502.1581361,PreToolUse,aa64648b-53ef-4187-b7bc-b4fec5201536,missed
1786021533.920306,PreToolUse,aa64648b-53ef-4187-b7bc-b4fec5201536,missed
1786021539.2357929,PreToolUse,aa64648b-53ef-4187-b7bc-b4fec5201536,missed
1786021580.994602,PreToolUse,aa64648b-53ef-4187-b7bc-b4fec5201536,missed
1786021587.2420568,PreToolUse,aa64648b-53ef-4187-b7bc-b4fec5201536,missed
1786021600.98762,PreToolUse,aa64648b-53ef-4187-b7bc-b4fec5201536,missed
1786021604.8111172,PreToolUse,aa64648b-53ef-4187-b7bc-b4fec5201536,missed
1786021617.458912,PreToolUse,aa64648b-53ef-4187-b7bc-b4fec5201536,missed
1786021625.5995939,PreToolUse,aa64648b-53ef-4187-b7bc-b4fec5201536,missed
1786021687.6924832,PreToolUse,aa64648b-53ef-4187-b7bc-b4fec5201536,missed
1786026356.0473359,PreToolUse,aa64648b-53ef-4187-b7bc-b4fec5201536,missed
1786026470.353378,PreToolUse,aa64648b-53ef-4187-b7bc-b4fec5201536,missed
1786028547.354812,PreToolUse,aa64648b-53ef-4187-b7bc-b4fec5201536,missed
1786058879.644253,PreToolUse,aa64648b-53ef-4187-b7bc-b4fec5201536,missed
1786058920.153739,PreToolUse,aa64648b-53ef-4187-b7bc-b4fec5201536,missed
2026-08-06T07:51:26Z,SessionStart,aa64648b-53ef-4187-b7bc-b4fec5201536,matched
2026-08-06T13:07:20Z,Stop,aa64648b-53ef-4187-b7bc-b4fec5201536,matched
SUMMARY,day=2026-08-06;export=247;shadow=1402;matched=247;missed=1155;false_positive=0;malformed=0,,
